image_name,number,x,y,left_diam,right_diam,time
mosob01.jpg,1,143,751,0,0,2.075
mosob01.jpg,2,149,625,0,0,2.092
mosob01.jpg,3,128,626,0,0,2.109
mosob01.jpg,4,147,635,0,0,2.125
mosob01.jpg,5,150,640,0,0,2.142
mosob01.jpg,6,155,640,0,0,2.159
mosob01.jpg,7,158,637,0,0,2.175
mosob01.jpg,8,167,637,0,0,2.192
mosob01.jpg,9,92,664,0,0,2.409
mosob01.jpg,10,65,690,0,0,2.425
mosob01.jpg,11,45,681,0,0,2.442
mosob01.jpg,12,363,700,0,0,2.509
mosob01.jpg,13,441,762,0,0,2.575
mosob01.jpg,14,446,748,0,0,2.592
mosob01.jpg,15,446,738,0,0,2.609
mosob01.jpg,16,450,735,0,0,2.625
mosob01.jpg,17,455,729,0,0,2.642
mosob01.jpg,18,462,729,0,0,2.659
mosob01.jpg,19,461,727,0,0,2.675
mosob01.jpg,20,457,730,0,0,2.692
mosob01.jpg,21,501,736,0,0,2.892
mosob01.jpg,22,492,732,0,0,2.909
mosob01.jpg,23,484,729,0,0,2.925
mosob01.jpg,24,473,740,0,0,2.992
mosob01.jpg,25,431,754,0,0,3.009
mosob01.jpg,26,416,765,0,0,3.025
mosob01.jpg,27,411,761,0,0,3.042
mosob01.jpg,28,417,751,0,0,3.059
mosob01.jpg,29,405,750,0,0,3.075
mosob01.jpg,30,419,754,0,0,3.092
mosob01.jpg,31,410,766,0,0,3.109
mosob01.jpg,32,411,768,0,0,3.125
mosob01.jpg,33,509,741,0,0,3.425
mosob01.jpg,34,499,740,0,0,3.442
mosob01.jpg,35,489,729,0,0,3.458
mosob01.jpg,36,473,735,0,0,3.475
mosob01.jpg,37,469,735,0,0,3.492
mosob01.jpg,38,466,738,0,0,3.508
mosob01.jpg,39,470,742,0,0,3.525
mosob01.jpg,40,469,747,0,0,3.542
mosob01.jpg,41,470,752,0,0,3.558
mosob01.jpg,42,471,753,0,0,3.575
mosob01.jpg,43,470,758,0,0,3.592
mosob01.jpg,44,470,761,0,0,3.608
mosob01.jpg,45,469,761,0,0,3.625
mosob01.jpg,46,471,764,0,0,3.642
mosob01.jpg,47,472,767,0,0,3.658
mosob01.jpg,48,346,682,0,0,3.708
mosob01.jpg,49,318,634,0,0,3.725
mosob01.jpg,50,315,639,0,0,3.742
mosob01.jpg,51,314,643,0,0,3.758
mosob01.jpg,52,316,647,0,0,3.775
mosob01.jpg,53,318,655,0,0,3.791
mosob01.jpg,54,320,655,0,0,3.808
mosob01.jpg,55,319,654,0,0,3.825
mosob01.jpg,56,318,654,0,0,3.841
mosob01.jpg,57,320,658,0,0,3.858
mosob01.jpg,58,321,652,0,0,3.875
mosob01.jpg,59,318,648,0,0,3.891
mosob01.jpg,60,319,650,0,0,3.908
mosob01.jpg,61,354,670,0,0,3.925
mosob01.jpg,62,343,668,0,0,3.941
mosob01.jpg,63,337,667,0,0,3.958
mosob01.jpg,64,352,686,0,0,3.991
mosob01.jpg,65,364,691,0,0,4.008
mosob02.jpg,1,423,663,0,0,0.012
mosob02.jpg,2,415,668,0,0,0.029
mosob02.jpg,3,399,677,0,0,0.046
mosob02.jpg,4,384,685,0,0,0.062
mosob02.jpg,5,381,685,0,0,0.079
mosob02.jpg,6,365,686,0,0,0.096
mosob02.jpg,7,335,683,0,0,0.112
mosob02.jpg,8,354,672,0,0,0.129
mosob02.jpg,9,354,670,0,0,0.146
mosob02.jpg,10,347,660,0,0,0.162
mosob02.jpg,11,337,647,0,0,0.179
mosob02.jpg,12,342,640,0,0,0.196
mosob02.jpg,13,340,640,0,0,0.212
mosob02.jpg,14,337,647,0,0,0.229
mosob02.jpg,15,343,645,0,0,0.246
mosob02.jpg,16,413,588,0,0,0.262
mosob02.jpg,17,412,585,0,0,0.279
mosob02.jpg,18,409,577,0,0,0.296
mosob02.jpg,19,325,603,0,0,0.312
mosob02.jpg,20,318,603,0,0,0.329
mosob02.jpg,21,315,604,0,0,0.346
mosob02.jpg,22,415,569,0,0,0.362
mosob02.jpg,23,416,508,0,0,0.379
mosob02.jpg,24,411,495,0,0,0.396
mosob02.jpg,25,354,579,0,0,0.41200000000000003
mosob02.jpg,26,338,585,0,0,0.42900000000000005
mosob02.jpg,27,338,586,0,0,0.44599999999999995
mosob02.jpg,28,339,586,0,0,0.46199999999999997
mosob02.jpg,29,342,586,0,0,0.479
mosob02.jpg,30,340,585,0,0,0.496
mosob02.jpg,31,340,586,0,0,0.512
mosob02.jpg,32,355,578,0,0,0.529
mosob02.jpg,33,161,527,0,0,0.629
mosob02.jpg,34,141,524,0,0,0.646
mosob02.jpg,35,132,522,0,0,0.6619999999999999
mosob02.jpg,36,130,521,0,0,0.679
mosob02.jpg,37,137,521,0,0,0.696
mosob02.jpg,38,140,520,0,0,0.712
mosob02.jpg,39,136,521,0,0,0.729
mosob02.jpg,40,100,561,0,0,0.829
mosob02.jpg,41,71,584,0,0,0.846
mosob02.jpg,42,133,519,0,0,0.945
mosob02.jpg,43,166,501,0,0,0.962
mosob02.jpg,44,205,478,0,0,0.979
mosob02.jpg,45,254,462,0,0,0.995
mosob02.jpg,46,324,429,0,0,1.012
mosob02.jpg,47,352,427,0,0,1.029
mosob02.jpg,48,361,428,0,0,1.045
mosob02.jpg,49,400,415,0,0,1.062
mosob02.jpg,50,402,414,0,0,1.079
mosob02.jpg,51,406,415,0,0,1.095
mosob02.jpg,52,409,420,0,0,1.112
mosob02.jpg,53,414,420,0,0,1.129
mosob02.jpg,54,419,418,0,0,1.145
mosob02.jpg,55,423,413,0,0,1.162
mosob02.jpg,56,428,412,0,0,1.179
mosob02.jpg,57,428,423,0,0,1.195
mosob02.jpg,58,427,429,0,0,1.212
mosob02.jpg,59,428,422,0,0,1.229
mosob02.jpg,60,473,720,0,0,1.245
mosob02.jpg,61,491,713,0,0,1.262
mosob02.jpg,62,492,740,0,0,1.279
mosob02.jpg,63,487,749,0,0,1.295
mosob02.jpg,64,477,756,0,0,1.329
mosob02.jpg,65,472,754,0,0,1.345
mosob02.jpg,66,468,762,0,0,1.362
mosob02.jpg,67,473,762,0,0,1.395
mosob02.jpg,68,473,765,0,0,1.412
mosob02.jpg,69,470,761,0,0,1.429
mosob02.jpg,70,469,754,0,0,1.4449999999999998
mosob02.jpg,71,462,762,0,0,1.462
mosob02.jpg,72,457,764,0,0,1.479
mosob02.jpg,73,450,762,0,0,1.495
mosob02.jpg,74,444,763,0,0,1.512
mosob02.jpg,75,443,763,0,0,1.529
mosob02.jpg,76,444,765,0,0,1.545
mosob02.jpg,77,446,762,0,0,1.562
mosob02.jpg,78,445,759,0,0,1.579
mosob02.jpg,79,441,759,0,0,1.595
mosob02.jpg,80,432,755,0,0,1.629
mosob02.jpg,81,443,736,0,0,1.645
mosob02.jpg,82,462,745,0,0,1.662
mosob02.jpg,83,472,748,0,0,1.679
mosob02.jpg,84,483,741,0,0,1.695
mosob02.jpg,85,481,722,0,0,1.712
mosob02.jpg,86,481,723,0,0,1.729
mosob02.jpg,87,480,712,0,0,1.745
mosob02.jpg,88,485,722,0,0,1.762
mosob02.jpg,89,484,722,0,0,1.779
mosob02.jpg,90,484,719,0,0,1.795
mosob02.jpg,91,389,562,0,0,1.845
mosob02.jpg,92,393,544,0,0,1.862
mosob02.jpg,93,388,547,0,0,1.879
mosob02.jpg,94,383,548,0,0,1.912
mosob02.jpg,95,383,547,0,0,1.929
mosob02.jpg,96,387,543,0,0,1.945
mosob02.jpg,97,384,536,0,0,1.962
mosob02.jpg,98,375,530,0,0,1.979
mosob02.jpg,99,376,530,0,0,1.995
mosob02.jpg,100,376,529,0,0,2.012
mosob02.jpg,101,371,520,0,0,2.029
mosob02.jpg,102,367,516,0,0,2.045
mosob02.jpg,103,367,516,0,0,2.062
mosob02.jpg,104,380,527,0,0,2.079
mosob02.jpg,105,370,509,0,0,2.095
mosob02.jpg,106,383,526,0,0,2.112
mosob02.jpg,107,379,533,0,0,2.129
mosob02.jpg,108,72,462,0,0,2.579
mosob02.jpg,109,30,534,0,0,2.679
mosob02.jpg,110,1,520,0,0,2.695
mosob02.jpg,111,2,520,0,0,2.712
mosob02.jpg,112,3,519,0,0,2.729
mosob02.jpg,113,4,520,0,0,2.745
mosob02.jpg,114,269,376,0,0,2.779
mosob02.jpg,115,193,718,0,0,2.795
mosob02.jpg,116,399,562,0,0,2.812
mosob02.jpg,117,423,565,0,0,2.829
mosob02.jpg,118,422,567,0,0,2.845
mosob02.jpg,119,407,576,0,0,2.862
mosob02.jpg,120,393,576,0,0,2.879
mosob02.jpg,121,391,573,0,0,2.895
mosob02.jpg,122,398,571,0,0,2.912
mosob02.jpg,123,408,570,0,0,2.929
mosob02.jpg,124,424,572,0,0,2.945
mosob02.jpg,125,421,568,0,0,2.962
mosob02.jpg,126,428,567,0,0,2.979
mosob02.jpg,127,436,563,0,0,2.995
mosob02.jpg,128,439,558,0,0,3.012
mosob02.jpg,129,441,547,0,0,3.028
mosob02.jpg,130,444,542,0,0,3.045
mosob02.jpg,131,389,415,0,0,3.062
mosob02.jpg,132,392,419,0,0,3.078
mosob02.jpg,133,398,422,0,0,3.095
mosob02.jpg,134,467,540,0,0,3.112
mosob02.jpg,135,457,538,0,0,3.128
mosob02.jpg,136,462,543,0,0,3.145
mosob02.jpg,137,472,544,0,0,3.162
mosob02.jpg,138,485,541,0,0,3.178
mosob02.jpg,139,497,542,0,0,3.195
mosob02.jpg,140,436,437,0,0,3.212
mosob02.jpg,141,441,445,0,0,3.228
mosob02.jpg,142,443,447,0,0,3.245
mosob02.jpg,143,442,449,0,0,3.262
mosob02.jpg,144,439,455,0,0,3.278
mosob02.jpg,145,441,464,0,0,3.295
mosob02.jpg,146,433,514,0,0,3.378
mosob02.jpg,147,438,514,0,0,3.395
mosob02.jpg,148,440,519,0,0,3.412
mosob02.jpg,149,438,521,0,0,3.428
mosob02.jpg,150,435,529,0,0,3.445
mosob02.jpg,151,434,532,0,0,3.4619999999999997
mosob02.jpg,152,435,534,0,0,3.4779999999999998
mosob02.jpg,153,433,542,0,0,3.495
mosob02.jpg,154,432,550,0,0,3.512
mosob02.jpg,155,434,554,0,0,3.528
mosob02.jpg,156,433,557,0,0,3.545
mosob02.jpg,157,431,563,0,0,3.562
mosob02.jpg,158,432,567,0,0,3.578
mosob02.jpg,159,437,568,0,0,3.5949999999999998
mosob02.jpg,160,441,566,0,0,3.612
mosob02.jpg,161,436,579,0,0,3.712
mosob02.jpg,162,433,577,0,0,3.7279999999999998
mosob02.jpg,163,430,579,0,0,3.745
mosob02.jpg,164,427,578,0,0,3.762
mosob02.jpg,165,423,579,0,0,3.778
mosob02.jpg,166,420,578,0,0,3.795
mosob02.jpg,167,418,576,0,0,3.812
mosob02.jpg,168,414,577,0,0,3.828
mosob02.jpg,169,414,575,0,0,3.845
mosob02.jpg,170,421,563,0,0,3.895
mosob02.jpg,171,422,560,0,0,3.912
mosob02.jpg,172,421,560,0,0,3.928
mosob02.jpg,173,421,560,0,0,3.945
mosob02.jpg,174,417,556,0,0,3.962
mosob03.jpg,1,349,766,0,0,0.661
mosob03.jpg,2,351,760,0,0,0.678
mosob03.jpg,3,348,748,0,0,0.744
mosob03.jpg,4,349,731,0,0,0.761
mosob03.jpg,5,327,727,0,0,0.778
mosob03.jpg,6,352,709,0,0,0.794
mosob03.jpg,7,377,615,0,0,0.8109999999999999
mosob03.jpg,8,375,630,0,0,0.8280000000000001
mosob03.jpg,9,373,648,0,0,0.844
mosob03.jpg,10,375,658,0,0,0.861
mosob03.jpg,11,378,667,0,0,0.878
mosob03.jpg,12,377,660,0,0,0.894
mosob03.jpg,13,378,656,0,0,0.911
mosob03.jpg,14,376,651,0,0,0.928
mosob03.jpg,15,377,651,0,0,0.944
mosob03.jpg,16,380,650,0,0,0.961
mosob03.jpg,17,393,652,0,0,1.028
mosob03.jpg,18,377,701,0,0,1.044
mosob03.jpg,19,382,697,0,0,1.061
mosob03.jpg,20,395,689,0,0,1.078
mosob03.jpg,21,401,686,0,0,1.094
mosob03.jpg,22,426,675,0,0,1.111
mosob03.jpg,23,427,673,0,0,1.1280000000000001
mosob03.jpg,24,424,674,0,0,1.144
mosob03.jpg,25,422,679,0,0,1.161
mosob03.jpg,26,423,679,0,0,1.177
mosob03.jpg,27,422,677,0,0,1.194
mosob03.jpg,28,416,687,0,0,1.2610000000000001
mosob03.jpg,29,404,682,0,0,1.2770000000000001
mosob03.jpg,30,408,687,0,0,1.294
mosob03.jpg,31,409,695,0,0,1.311
mosob03.jpg,32,400,695,0,0,1.327
mosob03.jpg,33,399,693,0,0,1.3439999999999999
mosob03.jpg,34,11,693,0,0,1.561
mosob03.jpg,35,476,623,0,0,2.644
mosob03.jpg,36,110,720,0,0,2.7439999999999998
mosob03.jpg,37,80,712,0,0,2.76
mosob03.jpg,38,232,629,0,0,2.927
mosob03.jpg,39,29,611,0,0,2.944
mosob03.jpg,40,224,600,0,0,2.96
mosob03.jpg,41,220,514,0,0,2.977
mosob03.jpg,42,220,527,0,0,2.994
mosob03.jpg,43,219,556,0,0,3.01
mosob03.jpg,44,215,567,0,0,3.027
mosob03.jpg,45,217,555,0,0,3.044
mosob03.jpg,46,224,555,0,0,3.06
mosob03.jpg,47,238,553,0,0,3.077
mosob03.jpg,48,244,562,0,0,3.094
mosob03.jpg,49,292,478,0,0,3.11
mosob03.jpg,50,286,614,0,0,3.26
mosob03.jpg,51,283,614,0,0,3.277
mosob03.jpg,52,279,623,0,0,3.294
mosob03.jpg,53,24,590,0,0,3.36
mosob03.jpg,54,284,622,0,0,3.377
mosob03.jpg,55,434,625,0,0,3.477
mosob03.jpg,56,470,639,0,0,3.493
mosob03.jpg,57,469,644,0,0,3.51
mosob03.jpg,58,461,648,0,0,3.527
mosob03.jpg,59,456,646,0,0,3.543
mosob03.jpg,60,449,648,0,0,3.56
mosob03.jpg,61,444,649,0,0,3.577
mosob03.jpg,62,440,648,0,0,3.593
mosob03.jpg,63,437,645,0,0,3.61
mosob03.jpg,64,433,641,0,0,3.627
mosob03.jpg,65,430,642,0,0,3.643
mosob03.jpg,66,426,639,0,0,3.66
mosob03.jpg,67,423,639,0,0,3.677
mosob03.jpg,68,417,637,0,0,3.693
mosob03.jpg,69,409,634,0,0,3.71
mosob03.jpg,70,389,623,0,0,3.81
mosob03.jpg,71,327,507,0,0,3.827
mosob03.jpg,72,319,525,0,0,3.843
mosob03.jpg,73,123,475,0,0,3.86
mosob03.jpg,74,136,490,0,0,3.877
mosob03.jpg,75,140,506,0,0,3.893
mosob03.jpg,76,149,524,0,0,3.91
mosob03.jpg,77,356,421,0,0,3.927
mosob03.jpg,78,155,555,0,0,3.943
mosob03.jpg,79,126,577,0,0,3.96
mosob03.jpg,80,127,557,0,0,3.993
mosob03.jpg,81,126,555,0,0,4.01
mosob04.jpg,1,338,767,0,0,0.439
mosob04.jpg,2,334,765,0,0,0.455
mosob04.jpg,3,334,767,0,0,0.472
mosob04.jpg,4,79,745,0,0,0.689
mosob04.jpg,5,342,684,0,0,1.888
mosob04.jpg,6,351,692,0,0,1.905
mosob04.jpg,7,358,700,0,0,1.9220000000000002
mosob04.jpg,8,362,707,0,0,1.938
mosob04.jpg,9,365,710,0,0,1.955
mosob04.jpg,10,370,725,0,0,1.972
mosob04.jpg,11,375,706,0,0,1.988
mosob04.jpg,12,383,699,0,0,2.005
mosob04.jpg,13,387,710,0,0,2.022
mosob04.jpg,14,389,682,0,0,2.038
mosob04.jpg,15,403,671,0,0,2.055
mosob04.jpg,16,394,679,0,0,2.072
mosob04.jpg,17,422,658,0,0,2.088
mosob04.jpg,18,430,660,0,0,2.105
mosob04.jpg,19,442,655,0,0,2.122
mosob04.jpg,20,455,645,0,0,2.138
mosob04.jpg,21,464,640,0,0,2.155
mosob04.jpg,22,480,638,0,0,2.172
mosob04.jpg,23,484,629,0,0,2.188
mosob04.jpg,24,487,624,0,0,2.205
mosob04.jpg,25,479,616,0,0,2.221
mosob04.jpg,26,478,611,0,0,2.238
mosob04.jpg,27,478,609,0,0,2.255
mosob04.jpg,28,477,606,0,0,2.271
mosob04.jpg,29,475,609,0,0,2.288
mosob04.jpg,30,474,609,0,0,2.305
mosob04.jpg,31,476,612,0,0,2.321
mosob04.jpg,32,477,612,0,0,2.338
mosob04.jpg,33,477,615,0,0,2.355
mosob04.jpg,34,480,616,0,0,2.371
mosob04.jpg,35,477,620,0,0,2.388
mosob04.jpg,36,472,624,0,0,2.4050000000000002
mosob04.jpg,37,463,629,0,0,2.421
mosob04.jpg,38,459,647,0,0,2.438
mosob04.jpg,39,450,642,0,0,2.455
mosob04.jpg,40,430,674,0,0,2.471
mosob04.jpg,41,429,675,0,0,2.488
mosob04.jpg,42,441,654,0,0,2.505
mosob04.jpg,43,440,654,0,0,2.521
mosob04.jpg,44,441,654,0,0,2.5380000000000003
mosob04.jpg,45,523,619,0,0,2.705
mosob04.jpg,46,517,621,0,0,2.721
mosob04.jpg,47,510,617,0,0,2.738
mosob04.jpg,48,508,617,0,0,2.755
mosob04.jpg,49,511,618,0,0,2.771
mosob04.jpg,50,516,614,0,0,2.7880000000000003
mosob04.jpg,51,574,568,0,0,2.805
mosob04.jpg,52,563,715,0,0,2.8209999999999997
mosob04.jpg,53,565,577,0,0,2.838
mosob04.jpg,54,585,595,0,0,2.855
mosob04.jpg,55,591,674,0,0,2.871
mosob04.jpg,56,584,647,0,0,2.888
mosob04.jpg,57,569,631,0,0,2.9050000000000002
mosob04.jpg,58,551,626,0,0,2.9210000000000003
mosob04.jpg,59,551,627,0,0,2.9379999999999997
mosob04.jpg,60,550,626,0,0,2.955
mosob04.jpg,61,574,614,0,0,2.971
mosob04.jpg,62,574,613,0,0,2.988
mosob04.jpg,63,571,616,0,0,3.005
mosob04.jpg,64,573,621,0,0,3.021
mosob04.jpg,65,586,625,0,0,3.038
mosob04.jpg,66,584,629,0,0,3.055
mosob04.jpg,67,602,635,0,0,3.071
mosob04.jpg,68,616,630,0,0,3.088
mosob04.jpg,69,607,630,0,0,3.105
mosob04.jpg,70,604,635,0,0,3.121
mosob04.jpg,71,604,636,0,0,3.138
mosob04.jpg,72,597,637,0,0,3.155
mosob04.jpg,73,542,633,0,0,3.171
mosob04.jpg,74,545,629,0,0,3.188
mosob04.jpg,75,537,630,0,0,3.205
mosob04.jpg,76,526,636,0,0,3.221
mosob04.jpg,77,522,637,0,0,3.238
mosob04.jpg,78,519,638,0,0,3.255
mosob04.jpg,79,514,646,0,0,3.271
mosob04.jpg,80,508,655,0,0,3.288
mosob04.jpg,81,430,755,0,0,3.305
mosob04.jpg,82,428,758,0,0,3.321
mosob04.jpg,83,426,761,0,0,3.338
mosob04.jpg,84,508,669,0,0,3.355
mosob04.jpg,85,535,720,0,0,3.371
mosob04.jpg,86,518,723,0,0,3.388
mosob04.jpg,87,506,725,0,0,3.4050000000000002
mosob04.jpg,88,495,727,0,0,3.421
mosob04.jpg,89,491,719,0,0,3.438
mosob04.jpg,90,488,705,0,0,3.455
mosob04.jpg,91,488,691,0,0,3.471
mosob04.jpg,92,479,679,0,0,3.488
mosob04.jpg,93,475,675,0,0,3.505
mosob04.jpg,94,469,673,0,0,3.521
mosob04.jpg,95,468,680,0,0,3.5380000000000003
mosob04.jpg,96,466,701,0,0,3.555
mosob04.jpg,97,419,363,0,0,3.705
mosob04.jpg,98,418,363,0,0,3.721
mosob04.jpg,99,479,668,0,0,3.738
mosob04.jpg,100,474,678,0,0,3.755
mosob04.jpg,101,458,700,0,0,3.771
mosob04.jpg,102,209,742,0,0,3.9210000000000003
mosob04.jpg,103,209,727,0,0,3.9379999999999997
mosob04.jpg,104,229,708,0,0,3.955
mosob04.jpg,105,242,679,0,0,3.988
mosob04.jpg,106,232,696,0,0,4.005
ob01.jpg,1,254,723,0,0,0.21
ob01.jpg,2,271,737,0,0,0.227
ob01.jpg,3,277,751,0,0,0.243
ob01.jpg,4,281,762,0,0,0.26
ob01.jpg,5,263,768,0,0,0.377
ob01.jpg,6,261,741,0,0,0.393
ob01.jpg,7,384,687,0,0,0.41
ob01.jpg,8,270,741,0,0,0.427
ob01.jpg,9,259,736,0,0,0.443
ob01.jpg,10,253,701,0,0,0.46
ob01.jpg,11,258,694,0,0,0.477
ob01.jpg,12,265,686,0,0,0.493
ob01.jpg,13,253,692,0,0,0.51
ob01.jpg,14,237,694,0,0,0.527
ob01.jpg,15,229,699,0,0,0.543
ob01.jpg,16,224,694,0,0,0.56
ob01.jpg,17,238,700,0,0,0.576
ob01.jpg,18,242,701,0,0,0.593
ob01.jpg,19,245,702,0,0,0.61
ob01.jpg,20,250,704,0,0,0.626
ob01.jpg,21,330,705,0,0,0.643
ob01.jpg,22,323,706,0,0,0.66
ob01.jpg,23,322,709,0,0,0.676
ob01.jpg,24,317,710,0,0,0.693
ob01.jpg,25,311,715,0,0,0.71
ob01.jpg,26,303,719,0,0,0.726
ob01.jpg,27,304,716,0,0,0.743
ob01.jpg,28,309,712,0,0,0.76
ob01.jpg,29,307,710,0,0,0.776
ob01.jpg,30,309,709,0,0,0.793
ob01.jpg,31,306,712,0,0,0.81
ob01.jpg,32,299,717,0,0,0.826
ob01.jpg,33,307,720,0,0,0.843
ob01.jpg,34,306,726,0,0,0.86
ob01.jpg,35,296,743,0,0,0.876
ob01.jpg,36,290,747,0,0,0.893
ob01.jpg,37,301,738,0,0,0.91
ob01.jpg,38,48,719,0,0,1.043
ob01.jpg,39,53,719,0,0,1.06
ob01.jpg,40,59,716,0,0,1.076
ob01.jpg,41,76,717,0,0,1.093
ob01.jpg,42,139,737,0,0,1.16
ob01.jpg,43,144,728,0,0,1.176
ob01.jpg,44,156,720,0,0,1.193
ob01.jpg,45,153,712,0,0,1.21
ob01.jpg,46,152,704,0,0,1.226
ob01.jpg,47,142,697,0,0,1.2429999999999999
ob01.jpg,48,145,692,0,0,1.26
ob01.jpg,49,145,687,0,0,1.2770000000000001
ob01.jpg,50,144,677,0,0,1.293
ob01.jpg,51,281,605,0,0,1.41
ob01.jpg,52,271,603,0,0,1.427
ob01.jpg,53,273,607,0,0,1.443
ob01.jpg,54,278,610,0,0,1.46
ob01.jpg,55,282,611,0,0,1.4769999999999999
ob01.jpg,56,286,610,0,0,1.4929999999999999
ob01.jpg,57,288,607,0,0,1.51
ob01.jpg,58,291,605,0,0,1.5270000000000001
ob01.jpg,59,290,597,0,0,1.5430000000000001
ob01.jpg,60,286,591,0,0,1.56
ob01.jpg,61,289,586,0,0,1.577
ob01.jpg,62,283,588,0,0,1.593
ob01.jpg,63,280,583,0,0,1.6099999999999999
ob01.jpg,64,279,572,0,0,1.627
ob01.jpg,65,288,576,0,0,1.643
ob01.jpg,66,108,641,0,0,1.6600000000000001
ob01.jpg,67,108,642,0,0,1.677
ob01.jpg,68,107,640,0,0,1.693
ob01.jpg,69,97,644,0,0,1.71
ob01.jpg,70,102,639,0,0,1.7269999999999999
ob01.jpg,71,112,641,0,0,1.7429999999999999
ob01.jpg,72,193,601,0,0,2.093
ob01.jpg,73,210,605,0,0,2.11
ob01.jpg,74,236,615,0,0,2.177
ob01.jpg,75,163,657,0,0,2.193
ob01.jpg,76,178,693,0,0,2.21
ob01.jpg,77,195,719,0,0,2.227
ob01.jpg,78,193,718,0,0,2.243
ob01.jpg,79,173,706,0,0,2.326
ob01.jpg,80,202,681,0,0,2.343
ob01.jpg,81,184,700,0,0,2.36
ob01.jpg,82,187,704,0,0,2.376
ob01.jpg,83,195,699,0,0,2.393
ob01.jpg,84,211,685,0,0,2.41
ob01.jpg,85,210,685,0,0,2.426
ob01.jpg,86,192,699,0,0,2.443
ob01.jpg,87,210,699,0,0,2.46
ob01.jpg,88,221,703,0,0,2.476
ob01.jpg,89,271,705,0,0,2.493
ob01.jpg,90,294,718,0,0,2.51
ob01.jpg,91,289,721,0,0,2.526
ob01.jpg,92,285,727,0,0,2.543
ob01.jpg,93,274,730,0,0,2.56
ob01.jpg,94,272,734,0,0,2.576
ob01.jpg,95,265,737,0,0,2.593
ob01.jpg,96,272,736,0,0,2.61
ob01.jpg,97,272,738,0,0,2.626
ob01.jpg,98,269,742,0,0,2.643
ob01.jpg,99,275,742,0,0,2.66
ob01.jpg,100,280,747,0,0,2.676
ob01.jpg,101,284,751,0,0,2.693
ob01.jpg,102,289,752,0,0,2.71
ob01.jpg,103,296,753,0,0,2.726
ob01.jpg,104,301,760,0,0,2.743
ob01.jpg,105,308,766,0,0,2.76
ob01.jpg,106,310,765,0,0,2.776
ob01.jpg,107,316,760,0,0,2.793
ob01.jpg,108,302,758,0,0,2.81
ob01.jpg,109,300,754,0,0,2.826
ob01.jpg,110,302,745,0,0,2.843
ob01.jpg,111,306,737,0,0,2.86
ob01.jpg,112,313,736,0,0,2.876
ob01.jpg,113,321,732,0,0,2.893
ob01.jpg,114,328,729,0,0,2.91
ob01.jpg,115,335,729,0,0,2.926
ob01.jpg,116,342,726,0,0,2.943
ob01.jpg,117,349,726,0,0,2.96
ob01.jpg,118,352,723,0,0,2.976
ob01.jpg,119,354,723,0,0,2.993
ob01.jpg,120,359,724,0,0,3.01
ob01.jpg,121,365,725,0,0,3.026
ob01.jpg,122,369,725,0,0,3.043
ob01.jpg,123,365,728,0,0,3.06
ob01.jpg,124,360,731,0,0,3.076
ob01.jpg,125,357,731,0,0,3.093
ob01.jpg,126,353,735,0,0,3.11
ob01.jpg,127,348,744,0,0,3.126
ob01.jpg,128,355,742,0,0,3.143
ob01.jpg,129,358,738,0,0,3.16
ob01.jpg,130,363,738,0,0,3.176
ob01.jpg,131,387,718,0,0,3.193
ob01.jpg,132,382,723,0,0,3.21
ob01.jpg,133,377,726,0,0,3.226
ob01.jpg,134,377,729,0,0,3.243
ob01.jpg,135,378,731,0,0,3.26
ob01.jpg,136,377,738,0,0,3.276
ob01.jpg,137,374,742,0,0,3.293
ob01.jpg,138,374,744,0,0,3.31
ob01.jpg,139,375,743,0,0,3.326
ob01.jpg,140,374,739,0,0,3.343
ob01.jpg,141,369,737,0,0,3.36
ob01.jpg,142,366,736,0,0,3.376
ob01.jpg,143,369,735,0,0,3.393
ob01.jpg,144,370,736,0,0,3.41
ob01.jpg,145,376,733,0,0,3.426
ob01.jpg,146,387,729,0,0,3.443
ob01.jpg,147,413,713,0,0,3.46
ob01.jpg,148,430,711,0,0,3.476
ob01.jpg,149,443,713,0,0,3.493
ob01.jpg,150,447,718,0,0,3.51
ob01.jpg,151,450,721,0,0,3.526
ob01.jpg,152,452,719,0,0,3.543
ob01.jpg,153,450,718,0,0,3.56
ob01.jpg,154,456,713,0,0,3.576
ob01.jpg,155,455,711,0,0,3.593
ob01.jpg,156,453,711,0,0,3.61
ob01.jpg,157,459,704,0,0,3.626
ob01.jpg,158,467,698,0,0,3.643
ob01.jpg,159,473,692,0,0,3.66
ob01.jpg,160,473,687,0,0,3.676
ob01.jpg,161,472,686,0,0,3.693
ob01.jpg,162,472,681,0,0,3.71
ob01.jpg,163,473,671,0,0,3.726
ob01.jpg,164,451,652,0,0,3.743
ob01.jpg,165,471,667,0,0,3.759
ob01.jpg,166,459,665,0,0,3.776
ob01.jpg,167,452,662,0,0,3.793
ob01.jpg,168,455,661,0,0,3.809
ob01.jpg,169,459,659,0,0,3.826
ob01.jpg,170,455,658,0,0,3.843
ob01.jpg,171,450,653,0,0,3.859
ob01.jpg,172,435,648,0,0,3.876
ob01.jpg,173,434,643,0,0,3.893
ob01.jpg,174,436,651,0,0,3.959
ob02.jpg,1,221,755,0,0,0.52
ob02.jpg,2,219,740,0,0,0.5369999999999999
ob02.jpg,3,228,736,0,0,0.5529999999999999
ob02.jpg,4,225,732,0,0,0.5700000000000001
ob02.jpg,5,220,729,0,0,0.587
ob02.jpg,6,227,736,0,0,0.603
ob02.jpg,7,233,732,0,0,0.62
ob02.jpg,8,225,726,0,0,0.637
ob02.jpg,9,228,717,0,0,0.653
ob02.jpg,10,234,717,0,0,0.6699999999999999
ob02.jpg,11,242,718,0,0,0.687
ob02.jpg,12,246,706,0,0,0.7030000000000001
ob02.jpg,13,246,711,0,0,0.72
ob02.jpg,14,250,710,0,0,0.737
ob02.jpg,15,261,708,0,0,0.753
ob02.jpg,16,264,708,0,0,0.77
ob02.jpg,17,263,708,0,0,0.787
ob02.jpg,18,266,713,0,0,0.8029999999999999
ob02.jpg,19,263,717,0,0,0.8200000000000001
ob02.jpg,20,177,633,0,0,1.003
ob02.jpg,21,216,625,0,0,1.02
ob02.jpg,22,243,624,0,0,1.037
ob02.jpg,23,240,624,0,0,1.053
ob02.jpg,24,230,629,0,0,1.0699999999999998
ob02.jpg,25,221,629,0,0,1.087
ob02.jpg,26,220,630,0,0,1.103
ob02.jpg,27,218,626,0,0,1.12
ob02.jpg,28,213,629,0,0,1.137
ob02.jpg,29,209,630,0,0,1.153
ob02.jpg,30,204,635,0,0,1.17
ob02.jpg,31,209,637,0,0,1.187
ob02.jpg,32,210,633,0,0,1.2029999999999998
ob02.jpg,33,218,628,0,0,1.22
ob02.jpg,34,223,624,0,0,1.237
ob02.jpg,35,232,626,0,0,1.2530000000000001
ob02.jpg,36,231,625,0,0,1.27
ob02.jpg,37,226,622,0,0,1.303
ob02.jpg,38,222,626,0,0,1.3199999999999998
ob02.jpg,39,213,637,0,0,1.337
ob02.jpg,40,370,454,0,0,1.42
ob02.jpg,41,348,526,0,0,1.437
ob02.jpg,42,339,547,0,0,1.4529999999999998
ob02.jpg,43,358,603,0,0,1.47
ob02.jpg,44,380,631,0,0,1.487
ob02.jpg,45,386,615,0,0,1.5030000000000001
ob02.jpg,46,378,632,0,0,1.52
ob02.jpg,47,370,632,0,0,1.537
ob02.jpg,48,353,633,0,0,1.553
ob02.jpg,49,342,649,0,0,1.57
ob02.jpg,50,344,642,0,0,1.586
ob02.jpg,51,316,706,0,0,1.603
ob02.jpg,52,332,681,0,0,1.62
ob02.jpg,53,329,673,0,0,1.6360000000000001
ob02.jpg,54,338,652,0,0,1.653
ob02.jpg,55,342,645,0,0,1.67
ob02.jpg,56,352,644,0,0,1.686
ob02.jpg,57,358,641,0,0,1.703
ob02.jpg,58,344,657,0,0,1.72
ob02.jpg,59,339,664,0,0,1.736
ob02.jpg,60,340,665,0,0,1.7530000000000001
ob02.jpg,61,522,473,0,0,1.77
ob02.jpg,62,339,664,0,0,1.786
ob02.jpg,63,343,654,0,0,1.803
ob02.jpg,64,323,665,0,0,1.82
ob02.jpg,65,314,666,0,0,1.836
ob02.jpg,66,316,661,0,0,1.853
ob02.jpg,67,320,658,0,0,1.87
ob02.jpg,68,323,654,0,0,1.886
ob02.jpg,69,328,648,0,0,1.903
ob02.jpg,70,329,650,0,0,1.92
ob02.jpg,71,337,650,0,0,1.936
ob02.jpg,72,346,648,0,0,1.953
ob02.jpg,73,355,650,0,0,1.97
ob02.jpg,74,434,637,0,0,1.986
ob02.jpg,75,414,635,0,0,2.003
ob02.jpg,76,381,641,0,0,2.019
ob02.jpg,77,381,639,0,0,2.036
ob02.jpg,78,356,651,0,0,2.053
ob02.jpg,79,273,700,0,0,2.069
ob02.jpg,80,280,679,0,0,2.136
ob02.jpg,81,226,652,0,0,2.153
ob02.jpg,82,227,667,0,0,2.169
ob02.jpg,83,229,671,0,0,2.186
ob02.jpg,84,226,670,0,0,2.203
ob02.jpg,85,222,669,0,0,2.219
ob02.jpg,86,223,670,0,0,2.2359999999999998
ob02.jpg,87,232,673,0,0,2.253
ob02.jpg,88,234,659,0,0,2.403
ob02.jpg,89,225,659,0,0,2.419
ob02.jpg,90,221,659,0,0,2.436
ob02.jpg,91,216,659,0,0,2.453
ob02.jpg,92,212,661,0,0,2.469
ob02.jpg,93,213,664,0,0,2.4859999999999998
ob02.jpg,94,209,662,0,0,2.503
ob02.jpg,95,217,658,0,0,2.519
ob02.jpg,96,227,651,0,0,2.536
ob02.jpg,97,235,645,0,0,2.553
ob02.jpg,98,237,634,0,0,2.569
ob02.jpg,99,241,629,0,0,2.586
ob02.jpg,100,237,623,0,0,2.6029999999999998
ob02.jpg,101,239,620,0,0,2.6189999999999998
ob02.jpg,102,24,722,0,0,2.636
ob02.jpg,103,29,719,0,0,2.653
ob02.jpg,104,39,716,0,0,2.669
ob02.jpg,105,241,616,0,0,2.686
ob02.jpg,106,243,625,0,0,2.703
ob02.jpg,107,73,707,0,0,2.719
ob02.jpg,108,119,687,0,0,2.7359999999999998
ob02.jpg,109,155,672,0,0,2.753
ob02.jpg,110,167,668,0,0,2.769
ob02.jpg,111,186,661,0,0,2.786
ob02.jpg,112,191,656,0,0,2.803
ob02.jpg,113,203,656,0,0,2.819
ob02.jpg,114,203,660,0,0,2.836
ob02.jpg,115,207,664,0,0,2.853
ob02.jpg,116,214,665,0,0,2.8689999999999998
ob02.jpg,117,230,663,0,0,2.886
ob02.jpg,118,240,657,0,0,2.903
ob02.jpg,119,251,644,0,0,2.919
ob02.jpg,120,273,626,0,0,2.936
ob02.jpg,121,242,646,0,0,2.953
ob02.jpg,122,206,624,0,0,2.969
ob02.jpg,123,197,627,0,0,3.003
ob02.jpg,124,194,635,0,0,3.019
ob02.jpg,125,187,638,0,0,3.036
ob02.jpg,126,183,638,0,0,3.053
ob02.jpg,127,182,637,0,0,3.069
ob02.jpg,128,178,634,0,0,3.086
ob02.jpg,129,187,631,0,0,3.1029999999999998
ob02.jpg,130,186,623,0,0,3.1189999999999998
ob02.jpg,131,188,623,0,0,3.136
ob02.jpg,132,181,626,0,0,3.153
ob02.jpg,133,182,630,0,0,3.186
ob02.jpg,134,186,632,0,0,3.203
ob02.jpg,135,185,631,0,0,3.219
ob02.jpg,136,186,627,0,0,3.2359999999999998
ob02.jpg,137,184,628,0,0,3.253
ob02.jpg,138,184,629,0,0,3.269
ob02.jpg,139,192,645,0,0,3.336
ob02.jpg,140,198,648,0,0,3.3529999999999998
ob02.jpg,141,204,652,0,0,3.3689999999999998
ob02.jpg,142,208,668,0,0,3.419
ob02.jpg,143,201,677,0,0,3.436
ob02.jpg,144,197,679,0,0,3.453
ob02.jpg,145,193,679,0,0,3.469
ob02.jpg,146,195,679,0,0,3.4859999999999998
ob02.jpg,147,192,680,0,0,3.503
ob02.jpg,148,187,684,0,0,3.519
ob02.jpg,149,184,689,0,0,3.536
ob02.jpg,150,178,692,0,0,3.552
ob02.jpg,151,174,695,0,0,3.569
ob02.jpg,152,167,700,0,0,3.586
ob02.jpg,153,162,700,0,0,3.602
ob02.jpg,154,162,690,0,0,3.6189999999999998
ob02.jpg,155,164,684,0,0,3.636
ob02.jpg,156,169,680,0,0,3.652
ob02.jpg,157,163,679,0,0,3.669
ob02.jpg,158,156,675,0,0,3.686
ob02.jpg,159,345,631,0,0,3.702
ob02.jpg,160,326,629,0,0,3.719
ob02.jpg,161,325,628,0,0,3.7359999999999998
ob02.jpg,162,339,628,0,0,3.752
ob02.jpg,163,339,632,0,0,3.786
ob02.jpg,164,339,630,0,0,3.802
ob02.jpg,165,340,624,0,0,3.819
ob02.jpg,166,342,619,0,0,3.836
ob02.jpg,167,345,615,0,0,3.852
ob02.jpg,168,348,615,0,0,3.8689999999999998
ob02.jpg,169,353,616,0,0,3.886
ob02.jpg,170,358,610,0,0,3.902
ob02.jpg,171,363,606,0,0,3.919
ob02.jpg,172,360,608,0,0,3.936
ob02.jpg,173,355,612,0,0,3.952
ob02.jpg,174,351,614,0,0,3.969
ob02.jpg,175,346,616,0,0,4.002
ob03.jpg,1,170,716,0,0,0.61
ob03.jpg,2,180,710,0,0,0.627
ob03.jpg,3,189,705,0,0,0.643
ob03.jpg,4,176,722,0,0,0.677
ob03.jpg,5,177,724,0,0,0.6930000000000001
ob03.jpg,6,192,715,0,0,0.71
ob03.jpg,7,185,708,0,0,0.743
ob03.jpg,8,174,703,0,0,0.76
ob03.jpg,9,165,695,0,0,0.777
ob03.jpg,10,148,700,0,0,0.827
ob03.jpg,11,122,700,0,0,0.843
ob03.jpg,12,128,696,0,0,0.86
ob03.jpg,13,149,684,0,0,0.91
ob03.jpg,14,168,679,0,0,0.927
ob03.jpg,15,178,644,0,0,0.943
ob03.jpg,16,184,641,0,0,0.993
ob03.jpg,17,183,638,0,0,1.01
ob03.jpg,18,180,635,0,0,1.027
ob03.jpg,19,174,629,0,0,1.043
ob03.jpg,20,168,622,0,0,1.06
ob03.jpg,21,159,620,0,0,1.077
ob03.jpg,22,154,620,0,0,1.093
ob03.jpg,23,155,608,0,0,1.1600000000000001
ob03.jpg,24,149,611,0,0,1.177
ob03.jpg,25,158,611,0,0,1.193
ob03.jpg,26,166,612,0,0,1.21
ob03.jpg,27,171,610,0,0,1.2269999999999999
ob03.jpg,28,173,604,0,0,1.2429999999999999
ob03.jpg,29,170,603,0,0,1.26
ob03.jpg,30,200,608,0,0,1.2770000000000001
ob03.jpg,31,197,605,0,0,1.2930000000000001
ob03.jpg,32,169,596,0,0,1.31
ob03.jpg,33,171,593,0,0,1.327
ob03.jpg,34,172,591,0,0,1.343
ob03.jpg,35,170,590,0,0,1.3599999999999999
ob03.jpg,36,171,594,0,0,1.377
ob03.jpg,37,172,596,0,0,1.393
ob03.jpg,38,179,596,0,0,1.4100000000000001
ob03.jpg,39,182,598,0,0,1.427
ob03.jpg,40,184,599,0,0,1.443
ob03.jpg,41,183,605,0,0,1.46
ob03.jpg,42,183,602,0,0,1.4769999999999999
ob03.jpg,43,181,596,0,0,1.4929999999999999
ob03.jpg,44,175,598,0,0,1.51
ob03.jpg,45,181,588,0,0,1.5270000000000001
ob03.jpg,46,177,587,0,0,1.543
ob03.jpg,47,170,589,0,0,1.56
ob03.jpg,48,163,593,0,0,1.577
ob03.jpg,49,158,598,0,0,1.593
ob03.jpg,50,152,601,0,0,1.6099999999999999
ob03.jpg,51,148,605,0,0,1.626
ob03.jpg,52,139,604,0,0,1.643
ob03.jpg,53,135,604,0,0,1.66
ob03.jpg,54,126,605,0,0,1.676
ob03.jpg,55,120,608,0,0,1.693
ob03.jpg,56,121,609,0,0,1.71
ob03.jpg,57,122,610,0,0,1.726
ob03.jpg,58,83,628,0,0,1.7429999999999999
ob03.jpg,59,36,588,0,0,1.76
ob03.jpg,60,79,571,0,0,1.776
ob03.jpg,61,86,576,0,0,1.793
ob03.jpg,62,79,586,0,0,1.826
ob03.jpg,63,69,591,0,0,1.843
ob03.jpg,64,59,599,0,0,1.8599999999999999
ob03.jpg,65,73,619,0,0,1.91
ob03.jpg,66,84,616,0,0,1.926
ob03.jpg,67,88,615,0,0,1.943
ob03.jpg,68,91,615,0,0,1.976
ob03.jpg,69,95,611,0,0,1.993
ob03.jpg,70,100,609,0,0,2.01
ob03.jpg,71,107,617,0,0,2.06
ob03.jpg,72,117,621,0,0,2.076
ob03.jpg,73,119,626,0,0,2.093
ob03.jpg,74,274,638,0,0,2.126
ob03.jpg,75,213,665,0,0,2.143
ob03.jpg,76,163,676,0,0,2.16
ob03.jpg,77,24,740,0,0,2.193
ob03.jpg,78,42,745,0,0,2.21
ob03.jpg,79,61,730,0,0,2.226
ob03.jpg,80,62,731,0,0,2.243
ob03.jpg,81,152,676,0,0,2.26
ob03.jpg,82,61,729,0,0,2.276
ob03.jpg,83,82,712,0,0,2.293
ob03.jpg,84,233,596,0,0,2.309
ob03.jpg,85,241,580,0,0,2.326
ob03.jpg,86,247,556,0,0,2.359
ob03.jpg,87,247,557,0,0,2.376
ob03.jpg,88,245,551,0,0,2.393
ob03.jpg,89,256,528,0,0,2.426
ob03.jpg,90,254,529,0,0,2.443
ob03.jpg,91,248,536,0,0,2.459
ob03.jpg,92,225,551,0,0,2.493
ob03.jpg,93,239,544,0,0,2.509
ob03.jpg,94,201,558,0,0,2.526
ob03.jpg,95,195,557,0,0,2.543
ob03.jpg,96,195,554,0,0,2.559
ob03.jpg,97,192,551,0,0,2.576
ob03.jpg,98,188,554,0,0,2.593
ob03.jpg,99,165,570,0,0,2.609
ob03.jpg,100,159,569,0,0,2.626
ob03.jpg,101,129,576,0,0,2.643
ob03.jpg,102,124,578,0,0,2.659
ob03.jpg,103,118,579,0,0,2.676
ob03.jpg,104,113,579,0,0,2.693
ob03.jpg,105,99,586,0,0,2.709
ob03.jpg,106,98,589,0,0,2.726
ob03.jpg,107,91,591,0,0,2.743
ob03.jpg,108,85,598,0,0,2.759
ob03.jpg,109,59,617,0,0,2.776
ob03.jpg,110,64,609,0,0,2.793
ob03.jpg,111,60,641,0,0,2.826
ob03.jpg,112,144,575,0,0,2.843
ob03.jpg,113,141,573,0,0,2.876
ob03.jpg,114,139,587,0,0,2.893
ob03.jpg,115,143,598,0,0,2.909
ob03.jpg,116,150,600,0,0,2.926
ob03.jpg,117,156,595,0,0,2.943
ob03.jpg,118,162,594,0,0,2.959
ob03.jpg,119,171,601,0,0,3.009
ob03.jpg,120,182,605,0,0,3.026
ob03.jpg,121,195,606,0,0,3.043
ob03.jpg,122,201,606,0,0,3.059
ob03.jpg,123,201,607,0,0,3.076
ob03.jpg,124,211,607,0,0,3.093
ob03.jpg,125,206,601,0,0,3.126
ob03.jpg,126,215,601,0,0,3.143
ob03.jpg,127,213,603,0,0,3.159
ob03.jpg,128,209,611,0,0,3.193
ob03.jpg,129,213,616,0,0,3.209
ob03.jpg,130,219,617,0,0,3.226
ob03.jpg,131,221,619,0,0,3.243
ob03.jpg,132,222,621,0,0,3.259
ob03.jpg,133,220,624,0,0,3.276
ob03.jpg,134,221,623,0,0,3.309
ob03.jpg,135,222,625,0,0,3.326
ob03.jpg,136,221,627,0,0,3.343
ob03.jpg,137,216,631,0,0,3.359
ob03.jpg,138,202,636,0,0,3.393
ob03.jpg,139,203,634,0,0,3.409
ob03.jpg,140,207,635,0,0,3.426
ob03.jpg,141,207,640,0,0,3.443
ob03.jpg,142,204,643,0,0,3.459
ob03.jpg,143,206,644,0,0,3.476
ob03.jpg,144,210,652,0,0,3.509
ob03.jpg,145,213,653,0,0,3.526
ob03.jpg,146,217,650,0,0,3.543
ob03.jpg,147,218,642,0,0,3.576
ob03.jpg,148,221,640,0,0,3.593
ob03.jpg,149,222,637,0,0,3.609
ob03.jpg,150,210,649,0,0,3.659
ob03.jpg,151,204,649,0,0,3.676
ob03.jpg,152,196,649,0,0,3.693
ob03.jpg,153,188,659,0,0,3.726
ob03.jpg,154,185,667,0,0,3.743
ob03.jpg,155,181,671,0,0,3.759
ob03.jpg,156,175,685,0,0,3.809
ob03.jpg,157,185,673,0,0,3.826
ob03.jpg,158,186,674,0,0,3.843
ob03.jpg,159,295,643,0,0,3.893
ob03.jpg,160,303,639,0,0,3.909
ob03.jpg,161,303,641,0,0,3.926
ob03.jpg,162,308,638,0,0,3.943
ob03.jpg,163,311,636,0,0,3.959
ob03.jpg,164,315,634,0,0,3.976
ob03.jpg,165,318,637,0,0,3.993
ob04.jpg,1,231,755,0,0,0.05
ob04.jpg,2,284,713,0,0,0.116
ob04.jpg,3,223,709,0,0,0.133
ob04.jpg,4,397,750,0,0,0.25
ob04.jpg,5,324,723,0,0,0.46599999999999997
ob04.jpg,6,325,716,0,0,0.483
ob04.jpg,7,321,713,0,0,0.5
ob04.jpg,8,322,717,0,0,0.516
ob04.jpg,9,326,726,0,0,0.5329999999999999
ob04.jpg,10,324,734,0,0,0.55
ob04.jpg,11,228,768,0,0,0.933
ob04.jpg,12,20,765,0,0,1.3159999999999998
ob04.jpg,13,15,765,0,0,1.333
ob04.jpg,14,3,768,0,0,1.349
ob04.jpg,15,92,731,0,0,1.649
ob04.jpg,16,95,722,0,0,1.666
ob04.jpg,17,98,711,0,0,1.683
ob04.jpg,18,98,702,0,0,1.699
ob04.jpg,19,211,631,0,0,1.716
ob04.jpg,20,224,626,0,0,1.733
ob04.jpg,21,231,624,0,0,1.749
ob04.jpg,22,223,637,0,0,1.766
ob04.jpg,23,205,654,0,0,1.783
ob04.jpg,24,169,681,0,0,1.799
ob04.jpg,25,177,664,0,0,1.816
ob04.jpg,26,179,666,0,0,1.833
ob04.jpg,27,209,653,0,0,1.849
ob04.jpg,28,295,633,0,0,1.866
ob04.jpg,29,295,633,0,0,1.883
ob04.jpg,30,217,665,0,0,1.899
ob04.jpg,31,233,654,0,0,1.916
ob04.jpg,32,227,657,0,0,1.933
ob04.jpg,33,223,654,0,0,1.949
ob04.jpg,34,223,647,0,0,1.966
ob04.jpg,35,225,642,0,0,1.983
ob04.jpg,36,223,643,0,0,1.999
ob04.jpg,37,225,643,0,0,2.016
ob04.jpg,38,211,650,0,0,2.033
ob04.jpg,39,210,657,0,0,2.049
ob04.jpg,40,211,654,0,0,2.066
ob04.jpg,41,290,639,0,0,2.082
ob04.jpg,42,278,646,0,0,2.099
ob04.jpg,43,278,638,0,0,2.116
ob04.jpg,44,281,636,0,0,2.132
ob04.jpg,45,289,634,0,0,2.149
ob04.jpg,46,302,630,0,0,2.166
ob04.jpg,47,316,630,0,0,2.182
ob04.jpg,48,310,638,0,0,2.199
ob04.jpg,49,367,631,0,0,2.216
ob04.jpg,50,359,639,0,0,2.232
ob04.jpg,51,366,639,0,0,2.249
ob04.jpg,52,382,636,0,0,2.266
ob04.jpg,53,393,636,0,0,2.282
ob04.jpg,54,398,642,0,0,2.299
ob04.jpg,55,409,642,0,0,2.316
ob04.jpg,56,419,635,0,0,2.332
ob04.jpg,57,430,635,0,0,2.349
ob04.jpg,58,435,634,0,0,2.366
ob04.jpg,59,457,613,0,0,2.382
ob04.jpg,60,456,626,0,0,2.399
ob04.jpg,61,432,616,0,0,2.416
ob04.jpg,62,454,621,0,0,2.432
ob04.jpg,63,448,618,0,0,2.449
ob04.jpg,64,454,626,0,0,2.466
ob04.jpg,65,455,636,0,0,2.482
ob04.jpg,66,451,644,0,0,2.499
ob04.jpg,67,458,649,0,0,2.516
ob04.jpg,68,460,646,0,0,2.532
ob04.jpg,69,465,646,0,0,2.549
ob04.jpg,70,473,649,0,0,2.566
ob04.jpg,71,478,657,0,0,2.582
ob04.jpg,72,480,665,0,0,2.599
ob04.jpg,73,474,672,0,0,2.616
ob04.jpg,74,469,676,0,0,2.632
ob04.jpg,75,447,698,0,0,2.649
ob04.jpg,76,445,705,0,0,2.666
ob04.jpg,77,456,700,0,0,2.682
ob04.jpg,78,443,715,0,0,2.699
ob04.jpg,79,441,713,0,0,2.715
ob04.jpg,80,433,719,0,0,2.732
ob04.jpg,81,435,719,0,0,2.749
ob04.jpg,82,426,730,0,0,2.765
ob04.jpg,83,420,727,0,0,2.782
ob04.jpg,84,412,730,0,0,2.799
ob04.jpg,85,416,721,0,0,2.815
ob04.jpg,86,391,726,0,0,2.832
ob04.jpg,87,404,714,0,0,2.849
ob04.jpg,88,375,658,0,0,2.865
ob04.jpg,89,348,663,0,0,2.882
ob04.jpg,90,327,656,0,0,2.899
ob04.jpg,91,309,666,0,0,2.915
ob04.jpg,92,438,679,0,0,2.932
ob04.jpg,93,402,634,0,0,2.949
ob04.jpg,94,390,648,0,0,2.965
ob04.jpg,95,379,647,0,0,2.982
ob04.jpg,96,375,640,0,0,2.999
ob04.jpg,97,382,638,0,0,3.015
ob04.jpg,98,385,637,0,0,3.032
ob04.jpg,99,390,635,0,0,3.049
ob04.jpg,100,387,628,0,0,3.065
ob04.jpg,101,387,620,0,0,3.082
ob04.jpg,102,392,612,0,0,3.099
ob04.jpg,103,398,608,0,0,3.115
ob04.jpg,104,293,708,0,0,3.132
ob04.jpg,105,294,708,0,0,3.149
ob04.jpg,106,294,707,0,0,3.165
ob04.jpg,107,416,648,0,0,3.349
ob04.jpg,108,458,761,0,0,3.432
ob04.jpg,109,533,768,0,0,3.449
ob04.jpg,110,282,751,0,0,3.832
ob04.jpg,111,288,748,0,0,3.848
ob04.jpg,112,292,748,0,0,3.865
ob04.jpg,113,221,761,0,0,3.915
ob04.jpg,114,281,738,0,0,3.932
ob04.jpg,115,289,759,0,0,3.948
ob04.jpg,116,296,740,0,0,3.965
ob04.jpg,117,309,714,0,0,3.998
vis01.jpg,1,574,655,0,0,0.004
vis01.jpg,2,557,488,0,0,0.037
vis01.jpg,3,565,572,0,0,0.054
vis01.jpg,4,568,614,0,0,0.071
vis01.jpg,5,566,674,0,0,0.087
vis01.jpg,6,563,681,0,0,0.104
vis01.jpg,7,552,692,0,0,0.121
vis01.jpg,8,543,708,0,0,0.137
vis01.jpg,9,546,708,0,0,0.154
vis01.jpg,10,536,730,0,0,0.171
vis01.jpg,11,155,762,0,0,0.721
vis01.jpg,12,156,753,0,0,0.737
vis01.jpg,13,159,745,0,0,0.754
vis01.jpg,14,161,737,0,0,0.771
vis01.jpg,15,157,725,0,0,0.787
vis01.jpg,16,312,670,0,0,0.871
vis01.jpg,17,325,659,0,0,0.887
vis01.jpg,18,332,660,0,0,0.904
vis01.jpg,19,337,655,0,0,0.921
vis01.jpg,20,341,658,0,0,0.937
vis01.jpg,21,344,656,0,0,0.954
vis01.jpg,22,346,661,0,0,0.971
vis01.jpg,23,346,663,0,0,0.987
vis01.jpg,24,352,664,0,0,1.004
vis01.jpg,25,357,663,0,0,1.021
vis01.jpg,26,358,664,0,0,1.037
vis01.jpg,27,357,667,0,0,1.054
vis01.jpg,28,355,665,0,0,1.07
vis01.jpg,29,358,660,0,0,1.087
vis01.jpg,30,362,655,0,0,1.104
vis01.jpg,31,365,654,0,0,1.12
vis01.jpg,32,366,659,0,0,1.137
vis01.jpg,33,363,662,0,0,1.154
vis01.jpg,34,364,665,0,0,1.17
vis01.jpg,35,363,664,0,0,1.187
vis01.jpg,36,362,660,0,0,1.204
vis01.jpg,37,357,655,0,0,1.22
vis01.jpg,38,352,660,0,0,1.237
vis01.jpg,39,348,668,0,0,1.254
vis01.jpg,40,347,669,0,0,1.271
vis01.jpg,41,349,668,0,0,1.287
vis01.jpg,42,349,666,0,0,1.304
vis01.jpg,43,351,667,0,0,1.321
vis01.jpg,44,348,669,0,0,1.337
vis01.jpg,45,346,673,0,0,1.354
vis01.jpg,46,346,663,0,0,1.371
vis01.jpg,47,285,720,0,0,1.387
vis01.jpg,48,283,717,0,0,1.404
vis01.jpg,49,277,715,0,0,1.421
vis01.jpg,50,273,712,0,0,1.437
vis01.jpg,51,268,708,0,0,1.454
vis01.jpg,52,264,706,0,0,1.471
vis01.jpg,53,256,705,0,0,1.487
vis01.jpg,54,252,705,0,0,1.504
vis01.jpg,55,240,704,0,0,1.521
vis01.jpg,56,229,704,0,0,1.537
vis01.jpg,57,216,704,0,0,1.554
vis01.jpg,58,207,702,0,0,1.571
vis01.jpg,59,200,700,0,0,1.587
vis01.jpg,60,175,687,0,0,1.654
vis01.jpg,61,177,679,0,0,1.671
vis01.jpg,62,179,674,0,0,1.687
vis01.jpg,63,176,669,0,0,1.704
vis01.jpg,64,173,667,0,0,1.721
vis01.jpg,65,291,548,0,0,1.787
vis01.jpg,66,290,539,0,0,1.804
vis01.jpg,67,288,534,0,0,1.821
vis01.jpg,68,283,529,0,0,1.837
vis01.jpg,69,290,523,0,0,1.854
vis01.jpg,70,298,519,0,0,1.871
vis01.jpg,71,172,629,0,0,1.887
vis01.jpg,72,173,621,0,0,1.904
vis01.jpg,73,171,616,0,0,1.921
vis01.jpg,74,295,509,0,0,1.937
vis01.jpg,75,323,507,0,0,1.954
vis01.jpg,76,317,507,0,0,1.971
vis01.jpg,77,316,511,0,0,1.987
vis01.jpg,78,314,510,0,0,2.004
vis01.jpg,79,314,513,0,0,2.021
vis01.jpg,80,320,517,0,0,2.037
vis01.jpg,81,322,527,0,0,2.054
vis01.jpg,82,320,537,0,0,2.071
vis01.jpg,83,168,650,0,0,2.087
vis01.jpg,84,169,658,0,0,2.104
vis01.jpg,85,162,668,0,0,2.12
vis01.jpg,86,321,556,0,0,2.137
vis01.jpg,87,306,612,0,0,2.154
vis01.jpg,88,307,607,0,0,2.17
vis01.jpg,89,303,598,0,0,2.187
vis01.jpg,90,303,602,0,0,2.204
vis01.jpg,91,312,599,0,0,2.22
vis01.jpg,92,320,600,0,0,2.237
vis01.jpg,93,326,600,0,0,2.254
vis01.jpg,94,330,599,0,0,2.27
vis01.jpg,95,338,595,0,0,2.287
vis01.jpg,96,340,595,0,0,2.304
vis01.jpg,97,185,711,0,0,2.32
vis01.jpg,98,200,701,0,0,2.337
vis01.jpg,99,154,671,0,0,2.354
vis01.jpg,100,198,656,0,0,2.37
vis01.jpg,101,188,667,0,0,2.387
vis01.jpg,102,202,662,0,0,2.404
vis01.jpg,103,220,647,0,0,2.42
vis01.jpg,104,239,626,0,0,2.437
vis01.jpg,105,241,619,0,0,2.454
vis01.jpg,106,230,614,0,0,2.4699999999999998
vis01.jpg,107,224,612,0,0,2.487
vis01.jpg,108,219,615,0,0,2.52
vis01.jpg,109,216,613,0,0,2.537
vis01.jpg,110,213,610,0,0,2.553
vis01.jpg,111,208,613,0,0,2.57
vis01.jpg,112,210,613,0,0,2.5869999999999997
vis01.jpg,113,214,613,0,0,2.6029999999999998
vis01.jpg,114,212,613,0,0,2.62
vis01.jpg,115,340,640,0,0,2.787
vis01.jpg,116,341,643,0,0,2.803
vis01.jpg,117,343,649,0,0,2.82
vis01.jpg,118,344,655,0,0,2.8369999999999997
vis01.jpg,119,344,655,0,0,2.8529999999999998
vis01.jpg,120,343,656,0,0,2.87
vis01.jpg,121,340,677,0,0,2.887
vis01.jpg,122,338,680,0,0,2.903
vis01.jpg,123,337,682,0,0,2.92
vis01.jpg,124,340,685,0,0,2.9370000000000003
vis01.jpg,125,222,683,0,0,2.953
vis01.jpg,126,226,681,0,0,2.9699999999999998
vis01.jpg,127,234,679,0,0,2.987
vis01.jpg,128,342,668,0,0,3.137
vis01.jpg,129,339,668,0,0,3.153
vis01.jpg,130,325,673,0,0,3.17
vis01.jpg,131,293,672,0,0,3.187
vis01.jpg,132,288,693,0,0,3.203
vis01.jpg,133,288,691,0,0,3.22
vis01.jpg,134,286,687,0,0,3.237
vis01.jpg,135,295,708,0,0,3.253
vis01.jpg,136,294,699,0,0,3.27
vis01.jpg,137,113,753,0,0,3.287
vis01.jpg,138,113,752,0,0,3.303
vis01.jpg,139,119,757,0,0,3.32
vis01.jpg,140,198,698,0,0,3.337
vis01.jpg,141,177,710,0,0,3.354
vis01.jpg,142,253,664,0,0,3.37
vis01.jpg,143,244,669,0,0,3.387
vis01.jpg,144,236,673,0,0,3.404
vis01.jpg,145,236,669,0,0,3.42
vis01.jpg,146,236,666,0,0,3.437
vis01.jpg,147,232,666,0,0,3.454
vis01.jpg,148,231,663,0,0,3.4699999999999998
vis01.jpg,149,223,667,0,0,3.487
vis01.jpg,150,223,661,0,0,3.504
vis01.jpg,151,211,669,0,0,3.52
vis01.jpg,152,209,667,0,0,3.537
vis01.jpg,153,208,664,0,0,3.5540000000000003
vis01.jpg,154,203,667,0,0,3.57
vis01.jpg,155,200,668,0,0,3.5869999999999997
vis01.jpg,156,196,668,0,0,3.604
vis01.jpg,157,193,672,0,0,3.62
vis01.jpg,158,200,661,0,0,3.637
vis01.jpg,159,196,649,0,0,3.654
vis01.jpg,160,197,646,0,0,3.67
vis01.jpg,161,197,644,0,0,3.6870000000000003
vis01.jpg,162,186,649,0,0,3.7039999999999997
vis01.jpg,163,184,648,0,0,3.7199999999999998
vis01.jpg,164,195,641,0,0,3.737
vis01.jpg,165,201,642,0,0,3.754
vis01.jpg,166,201,643,0,0,3.77
vis01.jpg,167,203,641,0,0,3.787
vis01.jpg,168,364,632,0,0,3.8040000000000003
vis01.jpg,169,375,627,0,0,3.82
vis01.jpg,170,385,623,0,0,3.8369999999999997
vis01.jpg,171,392,619,0,0,3.854
vis01.jpg,172,404,615,0,0,3.87
vis01.jpg,173,406,612,0,0,3.887
vis01.jpg,174,413,610,0,0,3.904
vis01.jpg,175,417,613,0,0,3.92
vis01.jpg,176,420,605,0,0,3.9370000000000003
vis01.jpg,177,418,599,0,0,3.9539999999999997
vis01.jpg,178,420,609,0,0,3.987
vis01.jpg,179,419,598,0,0,4.004
vis02.jpg,1,328,619,0,0,0.0
vis02.jpg,2,321,620,0,0,0.017
vis02.jpg,3,325,612,0,0,0.034
vis02.jpg,4,326,606,0,0,0.05
vis02.jpg,5,323,600,0,0,0.067
vis02.jpg,6,216,699,0,0,0.084
vis02.jpg,7,224,687,0,0,0.1
vis02.jpg,8,214,687,0,0,0.117
vis02.jpg,9,319,633,0,0,0.184
vis02.jpg,10,304,644,0,0,0.19999999999999996
vis02.jpg,11,295,642,0,0,0.21699999999999997
vis02.jpg,12,295,635,0,0,0.23399999999999999
vis02.jpg,13,293,628,0,0,0.25
vis02.jpg,14,286,624,0,0,0.267
vis02.jpg,15,283,622,0,0,0.28400000000000003
vis02.jpg,16,283,619,0,0,0.30000000000000004
vis02.jpg,17,180,678,0,0,0.31699999999999995
vis02.jpg,18,181,677,0,0,0.33399999999999996
vis02.jpg,19,177,673,0,0,0.35
vis02.jpg,20,284,606,0,0,0.367
vis02.jpg,21,336,537,0,0,0.384
vis02.jpg,22,332,544,0,0,0.4
vis02.jpg,23,307,558,0,0,0.41700000000000004
vis02.jpg,24,299,572,0,0,0.43400000000000005
vis02.jpg,25,301,578,0,0,0.44999999999999996
vis02.jpg,26,305,579,0,0,0.46699999999999997
vis02.jpg,27,302,579,0,0,0.484
vis02.jpg,28,301,581,0,0,0.5
vis02.jpg,29,305,575,0,0,0.517
vis02.jpg,30,360,560,0,0,0.534
vis02.jpg,31,320,567,0,0,0.55
vis02.jpg,32,302,569,0,0,0.567
vis02.jpg,33,301,561,0,0,0.5840000000000001
vis02.jpg,34,307,550,0,0,0.6
vis02.jpg,35,320,537,0,0,0.617
vis02.jpg,36,329,536,0,0,0.633
vis02.jpg,37,325,533,0,0,0.65
vis02.jpg,38,326,533,0,0,0.667
vis02.jpg,39,337,526,0,0,0.683
vis02.jpg,40,334,514,0,0,0.7
vis02.jpg,41,325,538,0,0,0.7170000000000001
vis02.jpg,42,330,530,0,0,0.733
vis02.jpg,43,307,570,0,0,0.75
vis02.jpg,44,327,547,0,0,0.767
vis02.jpg,45,279,595,0,0,0.783
vis02.jpg,46,270,596,0,0,0.8
vis02.jpg,47,256,601,0,0,0.817
vis02.jpg,48,262,626,0,0,0.833
vis02.jpg,49,272,634,0,0,0.85
vis02.jpg,50,279,636,0,0,0.867
vis02.jpg,51,95,691,0,0,0.883
vis02.jpg,52,100,684,0,0,0.9
vis02.jpg,53,131,668,0,0,0.917
vis02.jpg,54,297,625,0,0,0.933
vis02.jpg,55,129,668,0,0,0.95
vis02.jpg,56,155,665,0,0,0.966
vis02.jpg,57,129,679,0,0,0.983
vis02.jpg,58,132,684,0,0,1.0
vis02.jpg,59,259,652,0,0,1.083
vis02.jpg,60,262,655,0,0,1.1
vis02.jpg,61,268,657,0,0,1.116
vis02.jpg,62,262,662,0,0,1.133
vis02.jpg,63,181,687,0,0,1.15
vis02.jpg,64,164,711,0,0,1.166
vis02.jpg,65,173,704,0,0,1.183
vis02.jpg,66,262,677,0,0,1.2
vis02.jpg,67,258,674,0,0,1.216
vis02.jpg,68,264,672,0,0,1.233
vis02.jpg,69,263,679,0,0,1.25
vis02.jpg,70,279,662,0,0,1.266
vis02.jpg,71,307,626,0,0,1.283
vis02.jpg,72,316,624,0,0,1.3
vis02.jpg,73,203,679,0,0,1.3159999999999998
vis02.jpg,74,207,679,0,0,1.333
vis02.jpg,75,207,678,0,0,1.35
vis02.jpg,76,326,636,0,0,1.367
vis02.jpg,77,248,660,0,0,1.383
vis02.jpg,78,255,659,0,0,1.4
vis02.jpg,79,250,659,0,0,1.417
vis02.jpg,80,369,563,0,0,1.467
vis02.jpg,81,363,564,0,0,1.483
vis02.jpg,82,233,662,0,0,1.5
vis02.jpg,83,226,664,0,0,1.517
vis02.jpg,84,208,662,0,0,1.533
vis02.jpg,85,342,642,0,0,1.55
vis02.jpg,86,338,648,0,0,1.567
vis02.jpg,87,368,657,0,0,1.583
vis02.jpg,88,388,668,0,0,1.6
vis02.jpg,89,399,670,0,0,1.617
vis02.jpg,90,388,663,0,0,1.633
vis02.jpg,91,393,657,0,0,1.65
vis02.jpg,92,382,651,0,0,1.667
vis02.jpg,93,390,582,0,0,1.683
vis02.jpg,94,401,586,0,0,1.7
vis02.jpg,95,403,606,0,0,1.717
vis02.jpg,96,390,618,0,0,1.733
vis02.jpg,97,384,627,0,0,1.75
vis02.jpg,98,389,622,0,0,1.767
vis02.jpg,99,400,620,0,0,1.783
vis02.jpg,100,390,617,0,0,1.8
vis02.jpg,101,391,617,0,0,1.817
vis02.jpg,102,389,623,0,0,1.833
vis02.jpg,103,159,680,0,0,1.85
vis02.jpg,104,160,684,0,0,1.867
vis02.jpg,105,164,689,0,0,1.883
vis02.jpg,106,297,657,0,0,1.9
vis02.jpg,107,270,701,0,0,1.917
vis02.jpg,108,274,705,0,0,1.933
vis02.jpg,109,273,710,0,0,1.95
vis02.jpg,110,267,719,0,0,1.967
vis02.jpg,111,263,725,0,0,1.983
vis02.jpg,112,266,719,0,0,2.0
vis02.jpg,113,269,707,0,0,2.017
vis02.jpg,114,202,732,0,0,2.033
vis02.jpg,115,205,735,0,0,2.05
vis02.jpg,116,213,736,0,0,2.067
vis02.jpg,117,218,738,0,0,2.083
vis02.jpg,118,224,743,0,0,2.1
vis02.jpg,119,248,749,0,0,2.2
vis02.jpg,120,252,748,0,0,2.217
vis02.jpg,121,256,750,0,0,2.233
vis02.jpg,122,378,694,0,0,2.35
vis02.jpg,123,376,693,0,0,2.367
vis02.jpg,124,427,677,0,0,2.383
vis02.jpg,125,406,677,0,0,2.4
vis02.jpg,126,413,667,0,0,2.417
vis02.jpg,127,423,655,0,0,2.433
vis02.jpg,128,430,643,0,0,2.45
vis02.jpg,129,430,634,0,0,2.466
vis02.jpg,130,422,633,0,0,2.483
vis02.jpg,131,418,633,0,0,2.5
vis02.jpg,132,412,628,0,0,2.516
vis02.jpg,133,402,634,0,0,2.533
vis02.jpg,134,401,619,0,0,2.55
vis02.jpg,135,390,615,0,0,2.566
vis02.jpg,136,383,613,0,0,2.583
vis02.jpg,137,366,614,0,0,2.6
vis02.jpg,138,363,609,0,0,2.616
vis02.jpg,139,346,606,0,0,2.633
vis02.jpg,140,339,586,0,0,2.65
vis02.jpg,141,342,586,0,0,2.666
vis02.jpg,142,330,564,0,0,2.683
vis02.jpg,143,314,535,0,0,2.7
vis02.jpg,144,311,534,0,0,2.716
vis02.jpg,145,324,527,0,0,2.733
vis02.jpg,146,320,526,0,0,2.75
vis02.jpg,147,323,515,0,0,2.766
vis02.jpg,148,322,509,0,0,2.783
vis02.jpg,149,319,502,0,0,2.8
vis02.jpg,150,323,484,0,0,2.816
vis02.jpg,151,308,481,0,0,2.833
vis02.jpg,152,308,481,0,0,2.85
vis02.jpg,153,307,469,0,0,2.866
vis02.jpg,154,281,588,0,0,2.883
vis02.jpg,155,309,576,0,0,2.9
vis02.jpg,156,315,568,0,0,2.916
vis02.jpg,157,308,565,0,0,2.933
vis02.jpg,158,246,564,0,0,2.95
vis02.jpg,159,258,554,0,0,2.966
vis02.jpg,160,259,561,0,0,2.983
vis02.jpg,161,258,569,0,0,3.0
vis02.jpg,162,262,578,0,0,3.016
vis02.jpg,163,266,591,0,0,3.033
vis02.jpg,164,258,598,0,0,3.05
vis02.jpg,165,240,736,0,0,3.066
vis02.jpg,166,246,736,0,0,3.083
vis02.jpg,167,251,735,0,0,3.1
vis02.jpg,168,247,734,0,0,3.116
vis02.jpg,169,246,730,0,0,3.133
vis02.jpg,170,244,728,0,0,3.15
vis02.jpg,171,246,726,0,0,3.166
vis02.jpg,172,248,727,0,0,3.183
vis02.jpg,173,249,726,0,0,3.2
vis02.jpg,174,250,721,0,0,3.216
vis02.jpg,175,250,718,0,0,3.233
vis02.jpg,176,251,717,0,0,3.25
vis02.jpg,177,256,711,0,0,3.266
vis02.jpg,178,132,662,0,0,3.283
vis02.jpg,179,123,671,0,0,3.3
vis02.jpg,180,125,667,0,0,3.316
vis02.jpg,181,126,663,0,0,3.333
vis02.jpg,182,174,607,0,0,3.35
vis02.jpg,183,125,654,0,0,3.366
vis02.jpg,184,133,644,0,0,3.383
vis02.jpg,185,130,639,0,0,3.4
vis02.jpg,186,129,636,0,0,3.416
vis02.jpg,187,127,633,0,0,3.433
vis02.jpg,188,129,628,0,0,3.45
vis02.jpg,189,127,629,0,0,3.466
vis02.jpg,190,125,626,0,0,3.483
vis02.jpg,191,126,628,0,0,3.5
vis02.jpg,192,128,627,0,0,3.516
vis02.jpg,193,133,631,0,0,3.533
vis02.jpg,194,327,535,0,0,3.633
vis02.jpg,195,323,541,0,0,3.65
vis02.jpg,196,319,550,0,0,3.666
vis02.jpg,197,324,543,0,0,3.683
vis02.jpg,198,323,536,0,0,3.7
vis02.jpg,199,325,533,0,0,3.716
vis02.jpg,200,329,534,0,0,3.733
vis02.jpg,201,335,535,0,0,3.75
vis02.jpg,202,339,529,0,0,3.766
vis02.jpg,203,341,523,0,0,3.783
vis02.jpg,204,342,523,0,0,3.8
vis02.jpg,205,341,517,0,0,3.816
vis02.jpg,206,342,512,0,0,3.833
vis02.jpg,207,342,504,0,0,3.85
vis02.jpg,208,340,502,0,0,3.866
vis02.jpg,209,339,500,0,0,3.883
vis02.jpg,210,270,447,0,0,3.9
vis02.jpg,211,96,524,0,0,3.916
vis02.jpg,212,110,520,0,0,3.933
vis02.jpg,213,118,517,0,0,3.95
vis02.jpg,214,117,521,0,0,3.966
vis02.jpg,215,126,525,0,0,4.0
vis03.jpg,1,281,739,0,0,0.005
vis03.jpg,2,385,751,0,0,0.121
vis03.jpg,3,387,749,0,0,0.138
vis03.jpg,4,370,751,0,0,0.15500000000000003
vis03.jpg,5,366,750,0,0,0.17100000000000004
vis03.jpg,6,366,749,0,0,0.18799999999999994
vis03.jpg,7,373,744,0,0,0.20499999999999996
vis03.jpg,8,375,742,0,0,0.22099999999999997
vis03.jpg,9,377,741,0,0,0.238
vis03.jpg,10,271,764,0,0,0.255
vis03.jpg,11,265,767,0,0,0.45499999999999996
vis03.jpg,12,314,763,0,0,0.471
vis03.jpg,13,315,757,0,0,0.488
vis03.jpg,14,322,755,0,0,0.505
vis03.jpg,15,327,758,0,0,0.521
vis03.jpg,16,335,762,0,0,0.538
vis03.jpg,17,339,765,0,0,0.5549999999999999
vis03.jpg,18,340,767,0,0,0.571
vis03.jpg,19,339,766,0,0,0.5880000000000001
vis03.jpg,20,332,760,0,0,0.605
vis03.jpg,21,332,757,0,0,0.621
vis03.jpg,22,319,754,0,0,0.638
vis03.jpg,23,314,751,0,0,0.704
vis03.jpg,24,273,743,0,0,0.721
vis03.jpg,25,258,759,0,0,0.738
vis03.jpg,26,257,765,0,0,0.754
vis03.jpg,27,263,761,0,0,0.771
vis03.jpg,28,264,753,0,0,0.788
vis03.jpg,29,251,756,0,0,0.804
vis03.jpg,30,249,757,0,0,0.821
vis03.jpg,31,252,752,0,0,0.838
vis03.jpg,32,257,746,0,0,0.854
vis03.jpg,33,256,741,0,0,0.871
vis03.jpg,34,262,729,0,0,0.888
vis03.jpg,35,246,734,0,0,0.904
vis03.jpg,36,244,730,0,0,0.921
vis03.jpg,37,246,726,0,0,0.938
vis03.jpg,38,251,720,0,0,0.954
vis03.jpg,39,262,713,0,0,0.971
vis03.jpg,40,265,712,0,0,0.988
vis03.jpg,41,265,713,0,0,1.004
vis03.jpg,42,259,719,0,0,1.021
vis03.jpg,43,259,723,0,0,1.038
vis03.jpg,44,258,724,0,0,1.054
vis03.jpg,45,264,719,0,0,1.071
vis03.jpg,46,262,718,0,0,1.088
vis03.jpg,47,262,715,0,0,1.104
vis03.jpg,48,266,709,0,0,1.121
vis03.jpg,49,269,709,0,0,1.138
vis03.jpg,50,273,704,0,0,1.154
vis03.jpg,51,278,703,0,0,1.171
vis03.jpg,52,285,697,0,0,1.188
vis03.jpg,53,288,696,0,0,1.204
vis03.jpg,54,296,688,0,0,1.221
vis03.jpg,55,291,683,0,0,1.238
vis03.jpg,56,291,677,0,0,1.254
vis03.jpg,57,290,667,0,0,1.271
vis03.jpg,58,300,673,0,0,1.288
vis03.jpg,59,309,670,0,0,1.304
vis03.jpg,60,315,671,0,0,1.321
vis03.jpg,61,325,662,0,0,1.338
vis03.jpg,62,325,665,0,0,1.354
vis03.jpg,63,336,667,0,0,1.371
vis03.jpg,64,339,671,0,0,1.388
vis03.jpg,65,338,671,0,0,1.404
vis03.jpg,66,345,675,0,0,1.421
vis03.jpg,67,353,676,0,0,1.438
vis03.jpg,68,370,671,0,0,1.454
vis03.jpg,69,380,672,0,0,1.471
vis03.jpg,70,388,670,0,0,1.488
vis03.jpg,71,393,669,0,0,1.504
vis03.jpg,72,386,665,0,0,1.521
vis03.jpg,73,390,664,0,0,1.538
vis03.jpg,74,396,661,0,0,1.554
vis03.jpg,75,406,661,0,0,1.571
vis03.jpg,76,425,653,0,0,1.588
vis03.jpg,77,415,661,0,0,1.604
vis03.jpg,78,414,657,0,0,1.621
vis03.jpg,79,419,651,0,0,1.638
vis03.jpg,80,417,645,0,0,1.654
vis03.jpg,81,415,630,0,0,1.671
vis03.jpg,82,410,630,0,0,1.688
vis03.jpg,83,410,637,0,0,1.704
vis03.jpg,84,409,626,0,0,1.721
vis03.jpg,85,412,623,0,0,1.738
vis03.jpg,86,398,625,0,0,1.754
vis03.jpg,87,394,622,0,0,1.771
vis03.jpg,88,383,625,0,0,1.788
vis03.jpg,89,370,624,0,0,1.804
vis03.jpg,90,362,630,0,0,1.821
vis03.jpg,91,357,631,0,0,1.838
vis03.jpg,92,355,638,0,0,1.854
vis03.jpg,93,346,649,0,0,1.871
vis03.jpg,94,329,668,0,0,1.888
vis03.jpg,95,326,673,0,0,1.904
vis03.jpg,96,326,675,0,0,1.921
vis03.jpg,97,324,673,0,0,1.938
vis03.jpg,98,322,674,0,0,1.954
vis03.jpg,99,314,674,0,0,1.971
vis03.jpg,100,311,678,0,0,1.988
vis03.jpg,101,299,685,0,0,2.004
vis03.jpg,102,302,683,0,0,2.021
vis03.jpg,103,251,678,0,0,2.0380000000000003
vis03.jpg,104,260,666,0,0,2.0540000000000003
vis03.jpg,105,261,666,0,0,2.0709999999999997
vis03.jpg,106,259,670,0,0,2.088
vis03.jpg,107,259,671,0,0,2.104
vis03.jpg,108,256,680,0,0,2.121
vis03.jpg,109,251,684,0,0,2.137
vis03.jpg,110,245,691,0,0,2.154
vis03.jpg,111,241,690,0,0,2.1710000000000003
vis03.jpg,112,241,690,0,0,2.1870000000000003
vis03.jpg,113,235,687,0,0,2.2039999999999997
vis03.jpg,114,228,685,0,0,2.221
vis03.jpg,115,220,685,0,0,2.237
vis03.jpg,116,216,686,0,0,2.254
vis03.jpg,117,204,690,0,0,2.271
vis03.jpg,118,207,685,0,0,2.287
vis03.jpg,119,196,689,0,0,2.3040000000000003
vis03.jpg,120,202,684,0,0,2.3209999999999997
vis03.jpg,121,202,679,0,0,2.3369999999999997
vis03.jpg,122,195,682,0,0,2.354
vis03.jpg,123,189,685,0,0,2.371
vis03.jpg,124,180,692,0,0,2.387
vis03.jpg,125,176,695,0,0,2.404
vis03.jpg,126,175,693,0,0,2.4210000000000003
vis03.jpg,127,174,690,0,0,2.4370000000000003
vis03.jpg,128,178,690,0,0,2.4539999999999997
vis03.jpg,129,182,689,0,0,2.471
vis03.jpg,130,186,687,0,0,2.487
vis03.jpg,131,186,687,0,0,2.504
vis03.jpg,132,186,687,0,0,2.521
vis03.jpg,133,194,691,0,0,2.537
vis03.jpg,134,199,694,0,0,2.554
vis03.jpg,135,205,698,0,0,2.571
vis03.jpg,136,209,705,0,0,2.587
vis03.jpg,137,214,708,0,0,2.604
vis03.jpg,138,223,715,0,0,2.621
vis03.jpg,139,239,722,0,0,2.637
vis03.jpg,140,279,735,0,0,2.654
vis03.jpg,141,275,739,0,0,2.671
vis03.jpg,142,291,742,0,0,2.687
vis03.jpg,143,296,741,0,0,2.704
vis03.jpg,144,300,742,0,0,2.721
vis03.jpg,145,299,747,0,0,2.737
vis03.jpg,146,296,745,0,0,2.754
vis03.jpg,147,310,744,0,0,2.771
vis03.jpg,148,309,743,0,0,2.787
vis03.jpg,149,308,742,0,0,2.804
vis03.jpg,150,310,738,0,0,2.821
vis03.jpg,151,314,729,0,0,2.837
vis03.jpg,152,324,722,0,0,2.854
vis03.jpg,153,331,717,0,0,2.871
vis03.jpg,154,339,714,0,0,2.887
vis03.jpg,155,351,709,0,0,2.904
vis03.jpg,156,353,706,0,0,2.921
vis03.jpg,157,359,704,0,0,2.937
vis03.jpg,158,361,702,0,0,2.954
vis03.jpg,159,360,697,0,0,2.971
vis03.jpg,160,358,693,0,0,2.987
vis03.jpg,161,353,692,0,0,3.004
vis03.jpg,162,345,691,0,0,3.021
vis03.jpg,163,343,689,0,0,3.037
vis03.jpg,164,341,684,0,0,3.0540000000000003
vis03.jpg,165,332,681,0,0,3.0709999999999997
vis03.jpg,166,271,668,0,0,3.0869999999999997
vis03.jpg,167,282,653,0,0,3.104
vis03.jpg,168,289,646,0,0,3.121
vis03.jpg,169,297,656,0,0,3.137
vis03.jpg,170,293,660,0,0,3.154
vis03.jpg,171,294,658,0,0,3.1710000000000003
vis03.jpg,172,288,646,0,0,3.1870000000000003
vis03.jpg,173,284,644,0,0,3.2039999999999997
vis03.jpg,174,276,642,0,0,3.221
vis03.jpg,175,267,640,0,0,3.237
vis03.jpg,176,264,637,0,0,3.254
vis03.jpg,177,256,627,0,0,3.271
vis03.jpg,178,258,627,0,0,3.287
vis03.jpg,179,141,715,0,0,3.3040000000000003
vis03.jpg,180,137,717,0,0,3.3209999999999997
vis03.jpg,181,204,686,0,0,3.571
vis03.jpg,182,261,648,0,0,3.587
vis03.jpg,183,316,742,0,0,3.604
vis03.jpg,184,251,766,0,0,3.637
vis03.jpg,185,326,692,0,0,3.654
vis03.jpg,186,334,669,0,0,3.67
vis03.jpg,187,343,653,0,0,3.687
vis03.jpg,188,335,653,0,0,3.704
vis03.jpg,189,336,651,0,0,3.7199999999999998
vis03.jpg,190,341,650,0,0,3.737
vis03.jpg,191,348,650,0,0,3.754
vis03.jpg,192,347,652,0,0,3.77
vis03.jpg,193,348,653,0,0,3.787
vis03.jpg,194,354,656,0,0,3.804
vis03.jpg,195,361,654,0,0,3.82
vis03.jpg,196,366,651,0,0,3.837
vis03.jpg,197,369,650,0,0,3.854
vis03.jpg,198,368,644,0,0,3.87
vis03.jpg,199,368,638,0,0,3.887
vis03.jpg,200,374,628,0,0,3.904
vis03.jpg,201,361,629,0,0,3.92
vis03.jpg,202,358,629,0,0,3.937
vis03.jpg,203,359,631,0,0,3.954
vis03.jpg,204,360,627,0,0,3.987
vis03.jpg,205,360,624,0,0,4.004
vis04.jpg,1,370,698,0,0,0.008
vis04.jpg,2,355,719,0,0,0.042
vis04.jpg,3,343,750,0,0,0.058
vis04.jpg,4,325,734,0,0,0.075
vis04.jpg,5,317,723,0,0,0.092
vis04.jpg,6,328,723,0,0,0.108
vis04.jpg,7,339,723,0,0,0.125
vis04.jpg,8,348,724,0,0,0.142
vis04.jpg,9,270,754,0,0,0.158
vis04.jpg,10,268,767,0,0,0.175
vis04.jpg,11,288,763,0,0,0.591
vis04.jpg,12,284,745,0,0,0.608
vis04.jpg,13,284,753,0,0,0.625
vis04.jpg,14,282,739,0,0,0.641
vis04.jpg,15,287,732,0,0,0.6579999999999999
vis04.jpg,16,293,715,0,0,0.675
vis04.jpg,17,290,708,0,0,0.6910000000000001
vis04.jpg,18,288,690,0,0,0.708
vis04.jpg,19,286,687,0,0,0.725
vis04.jpg,20,285,688,0,0,0.741
vis04.jpg,21,288,684,0,0,0.758
vis04.jpg,22,295,682,0,0,0.775
vis04.jpg,23,298,682,0,0,0.791
vis04.jpg,24,301,675,0,0,0.808
vis04.jpg,25,120,673,0,0,0.825
vis04.jpg,26,122,670,0,0,0.841
vis04.jpg,27,128,671,0,0,0.858
vis04.jpg,28,282,681,0,0,0.875
vis04.jpg,29,346,621,0,0,0.892
vis04.jpg,30,351,622,0,0,0.908
vis04.jpg,31,122,663,0,0,0.925
vis04.jpg,32,125,663,0,0,0.942
vis04.jpg,33,131,666,0,0,0.958
vis04.jpg,34,330,652,0,0,1.008
vis04.jpg,35,430,624,0,0,1.025
vis04.jpg,36,440,638,0,0,1.042
vis04.jpg,37,452,645,0,0,1.058
vis04.jpg,38,440,644,0,0,1.075
vis04.jpg,39,457,644,0,0,1.092
vis04.jpg,40,462,643,0,0,1.108
vis04.jpg,41,452,647,0,0,1.125
vis04.jpg,42,461,647,0,0,1.142
vis04.jpg,43,468,647,0,0,1.158
vis04.jpg,44,482,630,0,0,1.175
vis04.jpg,45,486,628,0,0,1.192
vis04.jpg,46,480,625,0,0,1.208
vis04.jpg,47,475,627,0,0,1.225
vis04.jpg,48,469,627,0,0,1.242
vis04.jpg,49,464,623,0,0,1.258
vis04.jpg,50,456,622,0,0,1.275
vis04.jpg,51,445,622,0,0,1.292
vis04.jpg,52,435,623,0,0,1.308
vis04.jpg,53,423,626,0,0,1.325
vis04.jpg,54,422,628,0,0,1.342
vis04.jpg,55,411,632,0,0,1.358
vis04.jpg,56,412,628,0,0,1.375
vis04.jpg,57,401,621,0,0,1.392
vis04.jpg,58,307,599,0,0,1.408
vis04.jpg,59,312,596,0,0,1.425
vis04.jpg,60,325,592,0,0,1.442
vis04.jpg,61,327,587,0,0,1.458
vis04.jpg,62,336,587,0,0,1.475
vis04.jpg,63,337,589,0,0,1.492
vis04.jpg,64,230,615,0,0,1.508
vis04.jpg,65,555,197,0,0,1.675
vis04.jpg,66,606,523,0,0,1.708
vis04.jpg,67,555,200,0,0,1.741
vis04.jpg,68,299,752,0,0,2.058
vis04.jpg,69,303,746,0,0,2.125
vis04.jpg,70,319,729,0,0,2.141
vis04.jpg,71,337,718,0,0,2.158
vis04.jpg,72,341,711,0,0,2.175
vis04.jpg,73,349,710,0,0,2.191
vis04.jpg,74,355,708,0,0,2.208
vis04.jpg,75,361,709,0,0,2.225
vis04.jpg,76,364,713,0,0,2.241
vis04.jpg,77,368,712,0,0,2.258
vis04.jpg,78,374,713,0,0,2.275
vis04.jpg,79,369,719,0,0,2.291
vis04.jpg,80,364,722,0,0,2.308
vis04.jpg,81,567,739,0,0,2.325
vis04.jpg,82,440,726,0,0,2.341
vis04.jpg,83,390,724,0,0,2.358
vis04.jpg,84,416,726,0,0,2.375
vis04.jpg,85,425,730,0,0,2.391
vis04.jpg,86,429,733,0,0,2.408
vis04.jpg,87,426,737,0,0,2.425
vis04.jpg,88,424,741,0,0,2.441
vis04.jpg,89,418,739,0,0,2.458
vis04.jpg,90,417,731,0,0,2.475
vis04.jpg,91,418,726,0,0,2.491
vis04.jpg,92,421,727,0,0,2.508
vis04.jpg,93,429,723,0,0,2.525
vis04.jpg,94,429,731,0,0,2.541
vis04.jpg,95,432,730,0,0,2.558
vis04.jpg,96,439,727,0,0,2.575
vis04.jpg,97,443,729,0,0,2.591
vis04.jpg,98,448,729,0,0,2.608
vis04.jpg,99,648,720,0,0,2.625
vis04.jpg,100,628,723,0,0,2.641
vis04.jpg,101,619,722,0,0,2.658
vis04.jpg,102,436,720,0,0,2.675
vis04.jpg,103,457,726,0,0,2.691
vis04.jpg,104,427,730,0,0,2.708
vis04.jpg,105,397,737,0,0,2.725
vis04.jpg,106,368,739,0,0,2.741
vis04.jpg,107,372,737,0,0,2.758
vis04.jpg,108,363,745,0,0,2.775
vis04.jpg,109,243,768,0,0,3.024
vis04.jpg,110,335,683,0,0,3.041
vis04.jpg,111,328,664,0,0,3.058
vis04.jpg,112,315,655,0,0,3.074
vis04.jpg,113,312,649,0,0,3.091
vis04.jpg,114,311,638,0,0,3.108
vis04.jpg,115,310,624,0,0,3.124
vis04.jpg,116,76,649,0,0,3.141
vis04.jpg,117,84,639,0,0,3.158
vis04.jpg,118,91,635,0,0,3.174
vis04.jpg,119,95,625,0,0,3.191
vis04.jpg,120,95,638,0,0,3.208
vis04.jpg,121,89,622,0,0,3.224
vis04.jpg,122,79,616,0,0,3.241
vis04.jpg,123,80,625,0,0,3.258
vis04.jpg,124,81,617,0,0,3.274
vis04.jpg,125,85,626,0,0,3.291
vis04.jpg,126,86,615,0,0,3.308
vis04.jpg,127,91,622,0,0,3.324
vis04.jpg,128,89,614,0,0,3.341
vis04.jpg,129,85,611,0,0,3.358
vis04.jpg,130,86,614,0,0,3.374
vis04.jpg,131,77,616,0,0,3.391
vis04.jpg,132,85,609,0,0,3.408
vis04.jpg,133,89,600,0,0,3.424
vis04.jpg,134,85,591,0,0,3.441
vis04.jpg,135,77,597,0,0,3.458
vis04.jpg,136,79,593,0,0,3.474
vis04.jpg,137,69,601,0,0,3.491
vis04.jpg,138,77,601,0,0,3.508
vis04.jpg,139,79,598,0,0,3.524
vis04.jpg,140,77,598,0,0,3.541
vis04.jpg,141,88,598,0,0,3.558
vis04.jpg,142,140,587,0,0,3.574
vis04.jpg,143,171,562,0,0,3.591
vis04.jpg,144,215,553,0,0,3.608
vis04.jpg,145,239,552,0,0,3.624
vis04.jpg,146,237,547,0,0,3.641
vis04.jpg,147,235,544,0,0,3.658
vis04.jpg,148,231,539,0,0,3.674
vis04.jpg,149,228,531,0,0,3.691
vis04.jpg,150,232,528,0,0,3.708
vis04.jpg,151,235,530,0,0,3.724
vis04.jpg,152,237,531,0,0,3.741
vis04.jpg,153,238,528,0,0,3.758
vis04.jpg,154,241,523,0,0,3.774
vis04.jpg,155,243,519,0,0,3.791
vis04.jpg,156,251,510,0,0,3.808
vis04.jpg,157,250,508,0,0,3.824
vis04.jpg,158,248,502,0,0,3.841
vis04.jpg,159,249,495,0,0,3.858
vis04.jpg,160,244,496,0,0,3.874
vis04.jpg,161,232,500,0,0,3.891
vis04.jpg,162,233,495,0,0,3.908
vis04.jpg,163,219,502,0,0,3.924
vis04.jpg,164,212,505,0,0,3.941
vis04.jpg,165,206,508,0,0,3.958
vis04.jpg,166,195,520,0,0,3.991
vis04.jpg,167,198,523,0,0,4.008
vismos01.jpg,1,239,696,0,0,0.20099999999999996
vismos01.jpg,2,292,694,0,0,0.21799999999999997
vismos01.jpg,3,361,757,0,0,0.235
vismos01.jpg,4,388,732,0,0,0.251
vismos01.jpg,5,375,721,0,0,0.268
vismos01.jpg,6,379,718,0,0,0.28500000000000003
vismos01.jpg,7,376,720,0,0,0.30100000000000005
vismos01.jpg,8,397,735,0,0,0.31799999999999995
vismos01.jpg,9,413,754,0,0,0.33499999999999996
vismos01.jpg,10,363,768,0,0,0.5680000000000001
vismos01.jpg,11,369,761,0,0,0.5840000000000001
vismos01.jpg,12,376,757,0,0,0.618
vismos01.jpg,13,380,756,0,0,0.634
vismos01.jpg,14,383,756,0,0,0.651
vismos01.jpg,15,385,756,0,0,0.6679999999999999
vismos01.jpg,16,387,758,0,0,0.6839999999999999
vismos01.jpg,17,332,626,0,0,0.918
vismos01.jpg,18,350,677,0,0,0.984
vismos01.jpg,19,388,565,0,0,1.101
vismos01.jpg,20,388,567,0,0,1.1179999999999999
vismos01.jpg,21,411,600,0,0,1.134
vismos01.jpg,22,397,592,0,0,1.151
vismos01.jpg,23,451,653,0,0,1.1680000000000001
vismos01.jpg,24,443,637,0,0,1.1840000000000002
vismos01.jpg,25,437,624,0,0,1.201
vismos01.jpg,26,436,623,0,0,1.218
vismos01.jpg,27,439,613,0,0,1.234
vismos01.jpg,28,434,616,0,0,1.251
vismos01.jpg,29,438,622,0,0,1.268
vismos01.jpg,30,444,623,0,0,1.284
vismos01.jpg,31,451,630,0,0,1.3010000000000002
vismos01.jpg,32,448,645,0,0,1.318
vismos01.jpg,33,446,648,0,0,1.334
vismos01.jpg,34,442,655,0,0,1.351
vismos01.jpg,35,438,658,0,0,1.3679999999999999
vismos01.jpg,36,434,665,0,0,1.384
vismos01.jpg,37,425,673,0,0,1.401
vismos01.jpg,38,420,669,0,0,1.4180000000000001
vismos01.jpg,39,420,675,0,0,1.4340000000000002
vismos01.jpg,40,421,689,0,0,1.451
vismos01.jpg,41,420,695,0,0,1.468
vismos01.jpg,42,314,766,0,0,1.768
vismos01.jpg,43,321,765,0,0,1.784
vismos01.jpg,44,319,758,0,0,1.801
vismos01.jpg,45,324,753,0,0,1.818
vismos01.jpg,46,338,746,0,0,1.8679999999999999
vismos01.jpg,47,348,743,0,0,1.884
vismos01.jpg,48,371,740,0,0,1.901
vismos01.jpg,49,350,740,0,0,1.918
vismos01.jpg,50,375,755,0,0,1.984
vismos01.jpg,51,369,754,0,0,2.001
vismos01.jpg,52,404,759,0,0,2.018
vismos01.jpg,53,388,758,0,0,2.034
vismos01.jpg,54,411,760,0,0,2.051
vismos01.jpg,55,413,760,0,0,2.068
vismos01.jpg,56,414,756,0,0,2.084
vismos01.jpg,57,414,753,0,0,2.101
vismos01.jpg,58,415,760,0,0,2.168
vismos01.jpg,59,418,759,0,0,2.184
vismos01.jpg,60,415,759,0,0,2.201
vismos01.jpg,61,413,761,0,0,2.218
vismos01.jpg,62,423,760,0,0,2.251
vismos01.jpg,63,430,759,0,0,2.268
vismos01.jpg,64,429,757,0,0,2.284
vismos01.jpg,65,425,752,0,0,2.301
vismos01.jpg,66,421,745,0,0,2.318
vismos01.jpg,67,417,742,0,0,2.334
vismos01.jpg,68,413,744,0,0,2.351
vismos01.jpg,69,410,745,0,0,2.368
vismos01.jpg,70,410,745,0,0,2.384
vismos01.jpg,71,409,746,0,0,2.401
vismos01.jpg,72,408,748,0,0,2.418
vismos01.jpg,73,412,733,0,0,2.484
vismos01.jpg,74,410,731,0,0,2.501
vismos01.jpg,75,407,730,0,0,2.518
vismos01.jpg,76,408,726,0,0,2.534
vismos01.jpg,77,407,723,0,0,2.568
vismos01.jpg,78,404,724,0,0,2.584
vismos01.jpg,79,404,725,0,0,2.601
vismos01.jpg,80,406,726,0,0,2.618
vismos01.jpg,81,406,730,0,0,2.634
vismos01.jpg,82,399,729,0,0,2.651
vismos01.jpg,83,400,730,0,0,2.668
vismos01.jpg,84,402,727,0,0,2.684
vismos01.jpg,85,401,725,0,0,2.701
vismos01.jpg,86,397,718,0,0,2.768
vismos01.jpg,87,396,717,0,0,2.784
vismos01.jpg,88,399,728,0,0,2.801
vismos01.jpg,89,400,728,0,0,2.817
vismos01.jpg,90,396,729,0,0,2.834
vismos01.jpg,91,21,670,0,0,3.151
vismos01.jpg,92,18,670,0,0,3.167
vismos01.jpg,93,6,676,0,0,3.201
vismos01.jpg,94,10,673,0,0,3.217
vismos01.jpg,95,31,662,0,0,3.234
vismos01.jpg,96,18,672,0,0,3.284
vismos01.jpg,97,31,662,0,0,3.301
vismos01.jpg,98,30,664,0,0,3.317
vismos01.jpg,99,97,487,0,0,3.767
vismos01.jpg,100,111,489,0,0,3.784
vismos01.jpg,101,123,492,0,0,3.801
vismos01.jpg,102,34,512,0,0,3.817
vismos01.jpg,103,30,519,0,0,3.834
vismos01.jpg,104,31,523,0,0,3.851
vismos01.jpg,105,35,521,0,0,3.867
vismos01.jpg,106,83,525,0,0,3.934
vismos01.jpg,107,91,590,0,0,3.951
vismos01.jpg,108,141,604,0,0,3.967
vismos02.jpg,1,337,683,0,0,0.011
vismos02.jpg,2,339,677,0,0,0.028
vismos02.jpg,3,338,676,0,0,0.045
vismos02.jpg,4,336,677,0,0,0.061
vismos02.jpg,5,336,680,0,0,0.078
vismos02.jpg,6,328,683,0,0,0.095
vismos02.jpg,7,324,681,0,0,0.111
vismos02.jpg,8,316,683,0,0,0.128
vismos02.jpg,9,311,684,0,0,0.145
vismos02.jpg,10,300,692,0,0,0.161
vismos02.jpg,11,297,695,0,0,0.178
vismos02.jpg,12,294,685,0,0,0.195
vismos02.jpg,13,303,687,0,0,0.211
vismos02.jpg,14,370,712,0,0,0.228
vismos02.jpg,15,365,718,0,0,0.245
vismos02.jpg,16,363,721,0,0,0.261
vismos02.jpg,17,369,723,0,0,0.278
vismos02.jpg,18,371,721,0,0,0.295
vismos02.jpg,19,384,732,0,0,0.311
vismos02.jpg,20,474,764,0,0,0.42800000000000005
vismos02.jpg,21,472,761,0,0,0.44499999999999995
vismos02.jpg,22,472,760,0,0,0.46099999999999997
vismos02.jpg,23,475,765,0,0,0.478
vismos02.jpg,24,562,767,0,0,0.8109999999999999
vismos02.jpg,25,618,763,0,0,0.861
vismos02.jpg,26,620,763,0,0,0.878
vismos02.jpg,27,614,762,0,0,0.895
vismos02.jpg,28,619,752,0,0,0.911
vismos02.jpg,29,581,696,0,0,0.928
vismos02.jpg,30,584,702,0,0,0.944
vismos02.jpg,31,600,711,0,0,0.961
vismos02.jpg,32,596,713,0,0,0.978
vismos02.jpg,33,579,714,0,0,0.994
vismos02.jpg,34,581,713,0,0,1.011
vismos02.jpg,35,584,709,0,0,1.028
vismos02.jpg,36,582,712,0,0,1.044
vismos02.jpg,37,581,714,0,0,1.061
vismos02.jpg,38,464,675,0,0,1.078
vismos02.jpg,39,477,672,0,0,1.094
vismos02.jpg,40,493,675,0,0,1.111
vismos02.jpg,41,513,665,0,0,1.1280000000000001
vismos02.jpg,42,619,678,0,0,1.144
vismos02.jpg,43,616,677,0,0,1.161
vismos02.jpg,44,621,680,0,0,1.178
vismos02.jpg,45,618,677,0,0,1.194
vismos02.jpg,46,616,679,0,0,1.211
vismos02.jpg,47,613,680,0,0,1.228
vismos02.jpg,48,610,678,0,0,1.244
vismos02.jpg,49,609,691,0,0,1.2610000000000001
vismos02.jpg,50,609,677,0,0,1.278
vismos02.jpg,51,604,684,0,0,1.294
vismos02.jpg,52,598,683,0,0,1.311
vismos02.jpg,53,591,696,0,0,1.328
vismos02.jpg,54,591,682,0,0,1.3439999999999999
vismos02.jpg,55,584,685,0,0,1.361
vismos02.jpg,56,582,684,0,0,1.3780000000000001
vismos02.jpg,57,581,683,0,0,1.3940000000000001
vismos02.jpg,58,572,682,0,0,1.411
vismos02.jpg,59,570,679,0,0,1.428
vismos02.jpg,60,568,677,0,0,1.444
vismos02.jpg,61,562,675,0,0,1.4609999999999999
vismos02.jpg,62,555,674,0,0,1.478
vismos02.jpg,63,546,677,0,0,1.494
vismos02.jpg,64,548,676,0,0,1.5110000000000001
vismos02.jpg,65,548,676,0,0,1.528
vismos02.jpg,66,548,670,0,0,1.544
vismos02.jpg,67,553,668,0,0,1.561
vismos02.jpg,68,550,665,0,0,1.578
vismos02.jpg,69,550,660,0,0,1.5939999999999999
vismos02.jpg,70,549,657,0,0,1.611
vismos02.jpg,71,549,655,0,0,1.6280000000000001
vismos02.jpg,72,556,653,0,0,1.6440000000000001
vismos02.jpg,73,567,650,0,0,1.661
vismos02.jpg,74,566,651,0,0,1.678
vismos02.jpg,75,565,647,0,0,1.694
vismos02.jpg,76,567,642,0,0,1.711
vismos02.jpg,77,569,642,0,0,1.728
vismos02.jpg,78,571,646,0,0,1.744
vismos02.jpg,79,571,648,0,0,1.7610000000000001
vismos02.jpg,80,566,650,0,0,1.778
vismos02.jpg,81,568,654,0,0,1.794
vismos02.jpg,82,568,654,0,0,1.811
vismos02.jpg,83,560,650,0,0,1.828
vismos02.jpg,84,555,650,0,0,1.844
vismos02.jpg,85,547,651,0,0,1.861
vismos02.jpg,86,542,651,0,0,1.8780000000000001
vismos02.jpg,87,536,654,0,0,1.894
vismos02.jpg,88,522,647,0,0,1.911
vismos02.jpg,89,516,645,0,0,1.928
vismos02.jpg,90,480,638,0,0,1.944
vismos02.jpg,91,480,638,0,0,1.961
vismos02.jpg,92,501,648,0,0,1.978
vismos02.jpg,93,483,647,0,0,1.994
vismos02.jpg,94,491,645,0,0,2.011
vismos02.jpg,95,489,649,0,0,2.028
vismos02.jpg,96,481,648,0,0,2.044
vismos02.jpg,97,479,650,0,0,2.061
vismos02.jpg,98,478,646,0,0,2.078
vismos02.jpg,99,481,644,0,0,2.094
vismos02.jpg,100,481,645,0,0,2.111
vismos02.jpg,101,478,646,0,0,2.128
vismos02.jpg,102,476,642,0,0,2.144
vismos02.jpg,103,477,643,0,0,2.161
vismos02.jpg,104,476,645,0,0,2.178
vismos02.jpg,105,475,647,0,0,2.194
vismos02.jpg,106,469,649,0,0,2.211
vismos02.jpg,107,470,650,0,0,2.228
vismos02.jpg,108,466,656,0,0,2.2439999999999998
vismos02.jpg,109,390,515,0,0,2.261
vismos02.jpg,110,385,518,0,0,2.278
vismos02.jpg,111,406,577,0,0,2.311
vismos02.jpg,112,384,574,0,0,2.328
vismos02.jpg,113,389,699,0,0,2.344
vismos02.jpg,114,386,701,0,0,2.3609999999999998
vismos02.jpg,115,383,704,0,0,2.378
vismos02.jpg,116,374,708,0,0,2.394
vismos02.jpg,117,363,714,0,0,2.411
vismos02.jpg,118,353,719,0,0,2.428
vismos02.jpg,119,345,723,0,0,2.444
vismos02.jpg,120,322,735,0,0,2.4939999999999998
vismos02.jpg,121,320,736,0,0,2.511
vismos02.jpg,122,320,733,0,0,2.527
vismos02.jpg,123,317,725,0,0,2.577
vismos02.jpg,124,320,724,0,0,2.594
vismos02.jpg,125,323,721,0,0,2.6109999999999998
vismos02.jpg,126,318,581,0,0,2.661
vismos02.jpg,127,345,694,0,0,2.694
vismos02.jpg,128,369,608,0,0,2.711
vismos02.jpg,129,411,642,0,0,2.761
vismos02.jpg,130,413,644,0,0,2.777
vismos02.jpg,131,413,647,0,0,2.794
vismos02.jpg,132,415,654,0,0,2.811
vismos02.jpg,133,415,655,0,0,2.827
vismos02.jpg,134,401,667,0,0,2.844
vismos02.jpg,135,412,668,0,0,2.8609999999999998
vismos02.jpg,136,409,672,0,0,2.877
vismos02.jpg,137,395,678,0,0,2.894
vismos02.jpg,138,395,678,0,0,2.911
vismos02.jpg,139,397,678,0,0,2.927
vismos02.jpg,140,397,678,0,0,2.944
vismos02.jpg,141,396,678,0,0,2.961
vismos02.jpg,142,396,678,0,0,2.977
vismos02.jpg,143,397,677,0,0,2.994
vismos02.jpg,144,62,573,0,0,3.277
vismos02.jpg,145,74,575,0,0,3.294
vismos02.jpg,146,51,592,0,0,3.311
vismos02.jpg,147,29,607,0,0,3.327
vismos02.jpg,148,6,620,0,0,3.344
vismos02.jpg,149,6,618,0,0,3.3609999999999998
vismos02.jpg,150,13,620,0,0,3.377
vismos02.jpg,151,7,620,0,0,3.394
vismos03.jpg,1,386,684,0,0,0.443
vismos03.jpg,2,384,764,0,0,0.743
vismos03.jpg,3,106,714,0,0,0.893
vismos03.jpg,4,121,707,0,0,0.909
vismos03.jpg,5,137,711,0,0,0.926
vismos03.jpg,6,154,713,0,0,0.943
vismos03.jpg,7,150,714,0,0,0.959
vismos03.jpg,8,179,703,0,0,0.976
vismos03.jpg,9,172,706,0,0,0.993
vismos03.jpg,10,218,699,0,0,1.009
vismos03.jpg,11,205,712,0,0,1.026
vismos03.jpg,12,151,759,0,0,1.043
vismos03.jpg,13,172,749,0,0,1.059
vismos03.jpg,14,197,728,0,0,1.076
vismos03.jpg,15,192,711,0,0,1.093
vismos03.jpg,16,202,689,0,0,1.109
vismos03.jpg,17,194,683,0,0,1.126
vismos03.jpg,18,202,676,0,0,1.143
vismos03.jpg,19,195,671,0,0,1.159
vismos03.jpg,20,155,399,0,0,1.543
vismos03.jpg,21,153,387,0,0,1.592
vismos03.jpg,22,160,400,0,0,1.609
vismos03.jpg,23,159,416,0,0,1.626
vismos03.jpg,24,159,418,0,0,1.642
vismos03.jpg,25,159,414,0,0,1.659
vismos03.jpg,26,168,415,0,0,1.676
vismos03.jpg,27,171,400,0,0,1.692
vismos03.jpg,28,173,314,0,0,1.709
vismos03.jpg,29,178,309,0,0,1.726
vismos03.jpg,30,151,375,0,0,1.742
vismos03.jpg,31,162,422,0,0,1.759
vismos03.jpg,32,161,423,0,0,1.776
vismos03.jpg,33,293,315,0,0,1.792
vismos03.jpg,34,305,306,0,0,1.809
vismos03.jpg,35,311,316,0,0,1.826
vismos03.jpg,36,314,313,0,0,1.842
vismos03.jpg,37,317,322,0,0,1.859
vismos03.jpg,38,330,327,0,0,1.876
vismos03.jpg,39,309,370,0,0,1.892
vismos03.jpg,40,304,379,0,0,1.909
vismos03.jpg,41,335,394,0,0,1.926
vismos03.jpg,42,335,403,0,0,1.942
vismos03.jpg,43,395,437,0,0,1.959
vismos03.jpg,44,399,445,0,0,1.976
vismos03.jpg,45,405,454,0,0,1.992
vismos03.jpg,46,413,454,0,0,2.009
vismos03.jpg,47,423,458,0,0,2.026
vismos03.jpg,48,416,457,0,0,2.042
vismos03.jpg,49,417,462,0,0,2.059
vismos03.jpg,50,416,464,0,0,2.075
vismos03.jpg,51,421,459,0,0,2.092
vismos03.jpg,52,434,451,0,0,2.109
vismos03.jpg,53,423,453,0,0,2.125
vismos03.jpg,54,427,456,0,0,2.142
vismos03.jpg,55,448,470,0,0,2.159
vismos03.jpg,56,447,454,0,0,2.175
vismos03.jpg,57,474,514,0,0,2.192
vismos03.jpg,58,465,488,0,0,2.209
vismos03.jpg,59,457,488,0,0,2.225
vismos03.jpg,60,454,489,0,0,2.242
vismos03.jpg,61,476,409,0,0,2.259
vismos03.jpg,62,473,407,0,0,2.275
vismos03.jpg,63,465,390,0,0,2.292
vismos03.jpg,64,468,377,0,0,2.309
vismos03.jpg,65,467,367,0,0,2.325
vismos03.jpg,66,466,371,0,0,2.342
vismos03.jpg,67,469,358,0,0,2.359
vismos03.jpg,68,478,366,0,0,2.375
vismos03.jpg,69,486,363,0,0,2.392
vismos03.jpg,70,488,365,0,0,2.409
vismos03.jpg,71,489,365,0,0,2.425
vismos03.jpg,72,510,385,0,0,2.442
vismos03.jpg,73,509,394,0,0,2.459
vismos03.jpg,74,546,446,0,0,2.475
vismos03.jpg,75,551,461,0,0,2.492
vismos03.jpg,76,548,473,0,0,2.509
vismos03.jpg,77,535,479,0,0,2.525
vismos03.jpg,78,527,484,0,0,2.542
vismos03.jpg,79,522,482,0,0,2.559
vismos03.jpg,80,513,485,0,0,2.575
vismos03.jpg,81,510,496,0,0,2.592
vismos03.jpg,82,518,497,0,0,2.609
vismos03.jpg,83,416,333,0,0,2.625
vismos03.jpg,84,434,337,0,0,2.642
vismos03.jpg,85,446,360,0,0,2.659
vismos03.jpg,86,517,517,0,0,2.675
vismos03.jpg,87,578,550,0,0,2.692
vismos03.jpg,88,560,536,0,0,2.709
vismos03.jpg,89,567,544,0,0,2.725
vismos03.jpg,90,567,548,0,0,2.742
vismos03.jpg,91,563,536,0,0,2.759
vismos03.jpg,92,550,525,0,0,2.775
vismos03.jpg,93,558,526,0,0,2.792
vismos03.jpg,94,564,526,0,0,2.809
vismos03.jpg,95,572,536,0,0,2.825
vismos03.jpg,96,563,529,0,0,2.842
vismos03.jpg,97,561,530,0,0,2.859
vismos03.jpg,98,553,525,0,0,2.875
vismos03.jpg,99,554,540,0,0,2.892
vismos03.jpg,100,552,547,0,0,2.909
vismos03.jpg,101,543,544,0,0,2.925
vismos03.jpg,102,503,545,0,0,2.942
vismos03.jpg,103,480,554,0,0,2.959
vismos03.jpg,104,472,555,0,0,2.975
vismos03.jpg,105,474,560,0,0,2.992
vismos03.jpg,106,483,563,0,0,3.009
vismos03.jpg,107,483,560,0,0,3.025
vismos03.jpg,108,488,562,0,0,3.042
vismos03.jpg,109,491,561,0,0,3.059
vismos03.jpg,110,472,381,0,0,3.075
vismos03.jpg,111,482,389,0,0,3.092
vismos03.jpg,112,489,396,0,0,3.109
vismos03.jpg,113,486,406,0,0,3.125
vismos03.jpg,114,458,430,0,0,3.142
vismos03.jpg,115,479,421,0,0,3.159
vismos03.jpg,116,285,395,0,0,3.175
vismos03.jpg,117,267,396,0,0,3.192
vismos03.jpg,118,57,536,0,0,3.209
vismos03.jpg,119,89,511,0,0,3.225
vismos03.jpg,120,139,468,0,0,3.242
vismos03.jpg,121,46,547,0,0,3.392
vismos03.jpg,122,125,527,0,0,3.409
vismos03.jpg,123,160,524,0,0,3.425
vismos03.jpg,124,157,540,0,0,3.442
vismos03.jpg,125,160,524,0,0,3.459
vismos03.jpg,126,179,393,0,0,3.625
vismos03.jpg,127,187,399,0,0,3.642
vismos03.jpg,128,197,401,0,0,3.659
vismos03.jpg,129,204,397,0,0,3.675
vismos03.jpg,130,209,393,0,0,3.692
vismos03.jpg,131,205,402,0,0,3.709
vismos03.jpg,132,203,400,0,0,3.725
vismos03.jpg,133,202,395,0,0,3.742
vismos03.jpg,134,216,402,0,0,3.759
vismos03.jpg,135,216,404,0,0,3.775
vismos03.jpg,136,279,595,0,0,3.792
vismos03.jpg,137,512,595,0,0,3.809
vismos03.jpg,138,513,595,0,0,3.825
vismos03.jpg,139,512,593,0,0,3.842
vismos03.jpg,140,516,596,0,0,3.859
vismos03.jpg,141,521,604,0,0,3.875
vismos03.jpg,142,521,609,0,0,3.892
vismos03.jpg,143,522,614,0,0,3.909
vismos03.jpg,144,522,614,0,0,3.925
vismos03.jpg,145,521,614,0,0,3.942
vismos03.jpg,146,528,611,0,0,3.959
vismos03.jpg,147,447,510,0,0,3.992
vismos03.jpg,148,440,514,0,0,4.009
vismos04.jpg,1,277,731,0,0,0.01
vismos04.jpg,2,281,729,0,0,0.027
vismos04.jpg,3,283,726,0,0,0.044
vismos04.jpg,4,276,753,0,0,0.06
vismos04.jpg,5,280,760,0,0,0.077
vismos04.jpg,6,272,756,0,0,0.094
vismos04.jpg,7,256,759,0,0,0.11
vismos04.jpg,8,251,762,0,0,0.127
vismos04.jpg,9,255,766,0,0,0.144
vismos04.jpg,10,273,766,0,0,0.16
vismos04.jpg,11,345,758,0,0,0.194
vismos04.jpg,12,334,767,0,0,0.21
vismos04.jpg,13,327,760,0,0,0.227
vismos04.jpg,14,333,766,0,0,0.244
vismos04.jpg,15,158,733,0,0,0.327
vismos04.jpg,16,157,736,0,0,0.343
vismos04.jpg,17,153,739,0,0,0.36
vismos04.jpg,18,147,742,0,0,0.377
vismos04.jpg,19,227,752,0,0,0.427
vismos04.jpg,20,469,675,0,0,1.077
vismos04.jpg,21,468,673,0,0,1.093
vismos04.jpg,22,456,673,0,0,1.11
vismos04.jpg,23,452,674,0,0,1.127
vismos04.jpg,24,443,674,0,0,1.143
vismos04.jpg,25,444,678,0,0,1.16
vismos04.jpg,26,431,681,0,0,1.177
vismos04.jpg,27,436,675,0,0,1.193
vismos04.jpg,28,440,672,0,0,1.21
vismos04.jpg,29,445,674,0,0,1.227
vismos04.jpg,30,447,670,0,0,1.2429999999999999
vismos04.jpg,31,461,669,0,0,1.26
vismos04.jpg,32,457,671,0,0,1.2770000000000001
vismos04.jpg,33,460,669,0,0,1.293
vismos04.jpg,34,464,669,0,0,1.31
vismos04.jpg,35,471,666,0,0,1.327
vismos04.jpg,36,477,670,0,0,1.343
vismos04.jpg,37,546,639,0,0,1.3599999999999999
vismos04.jpg,38,488,659,0,0,1.377
vismos04.jpg,39,489,643,0,0,1.393
vismos04.jpg,40,493,638,0,0,1.41
vismos04.jpg,41,497,643,0,0,1.427
vismos04.jpg,42,394,669,0,0,1.443
vismos04.jpg,43,487,652,0,0,1.46
vismos04.jpg,44,432,658,0,0,1.4769999999999999
vismos04.jpg,45,450,666,0,0,1.4929999999999999
vismos04.jpg,46,473,675,0,0,1.51
vismos04.jpg,47,493,681,0,0,1.5270000000000001
vismos04.jpg,48,515,691,0,0,1.543
vismos04.jpg,49,507,681,0,0,1.56
vismos04.jpg,50,514,674,0,0,1.577
vismos04.jpg,51,520,668,0,0,1.593
vismos04.jpg,52,415,645,0,0,1.6099999999999999
vismos04.jpg,53,412,643,0,0,1.627
vismos04.jpg,54,411,642,0,0,1.643
vismos04.jpg,55,531,664,0,0,1.66
vismos04.jpg,56,572,655,0,0,1.677
vismos04.jpg,57,568,666,0,0,1.693
vismos04.jpg,58,568,666,0,0,1.71
vismos04.jpg,59,563,668,0,0,1.7269999999999999
vismos04.jpg,60,555,666,0,0,1.7429999999999999
vismos04.jpg,61,550,663,0,0,1.76
vismos04.jpg,62,543,658,0,0,1.777
vismos04.jpg,63,544,658,0,0,1.793
vismos04.jpg,64,542,657,0,0,1.81
vismos04.jpg,65,540,653,0,0,1.826
vismos04.jpg,66,532,649,0,0,1.843
vismos04.jpg,67,526,643,0,0,1.8599999999999999
vismos04.jpg,68,521,641,0,0,1.876
vismos04.jpg,69,515,639,0,0,1.893
vismos04.jpg,70,511,646,0,0,1.91
vismos04.jpg,71,501,645,0,0,1.926
vismos04.jpg,72,498,645,0,0,1.943
vismos04.jpg,73,500,643,0,0,1.96
vismos04.jpg,74,500,640,0,0,1.976
vismos04.jpg,75,496,641,0,0,1.993
vismos04.jpg,76,491,642,0,0,2.01
vismos04.jpg,77,487,639,0,0,2.026
vismos04.jpg,78,479,637,0,0,2.043
vismos04.jpg,79,471,639,0,0,2.06
vismos04.jpg,80,468,638,0,0,2.076
vismos04.jpg,81,466,637,0,0,2.093
vismos04.jpg,82,467,640,0,0,2.11
vismos04.jpg,83,468,635,0,0,2.126
vismos04.jpg,84,466,631,0,0,2.143
vismos04.jpg,85,465,624,0,0,2.16
vismos04.jpg,86,481,538,0,0,2.176
vismos04.jpg,87,473,530,0,0,2.193
vismos04.jpg,88,479,531,0,0,2.21
vismos04.jpg,89,477,535,0,0,2.226
vismos04.jpg,90,484,537,0,0,2.243
vismos04.jpg,91,532,492,0,0,2.26
vismos04.jpg,92,556,491,0,0,2.276
vismos04.jpg,93,569,487,0,0,2.293
vismos04.jpg,94,557,494,0,0,2.31
vismos04.jpg,95,551,494,0,0,2.326
vismos04.jpg,96,545,491,0,0,2.343
vismos04.jpg,97,478,514,0,0,2.36
vismos04.jpg,98,477,515,0,0,2.376
vismos04.jpg,99,477,516,0,0,2.393
vismos04.jpg,100,477,517,0,0,2.41
vismos04.jpg,101,57,683,0,0,3.96
vismos04.jpg,102,98,761,0,0,3.993
vismos04.jpg,103,130,754,0,0,4.01
visob01.jpg,1,276,700,0,0,0.011
visob01.jpg,2,278,692,0,0,0.027
visob01.jpg,3,277,687,0,0,0.044
visob01.jpg,4,282,680,0,0,0.061
visob01.jpg,5,294,654,0,0,0.077
visob01.jpg,6,289,646,0,0,0.094
visob01.jpg,7,302,646,0,0,0.111
visob01.jpg,8,314,643,0,0,0.127
visob01.jpg,9,327,642,0,0,0.144
visob01.jpg,10,336,638,0,0,0.161
visob01.jpg,11,339,644,0,0,0.177
visob01.jpg,12,346,649,0,0,0.194
visob01.jpg,13,351,655,0,0,0.211
visob01.jpg,14,351,657,0,0,0.227
visob01.jpg,15,340,663,0,0,0.244
visob01.jpg,16,336,666,0,0,0.261
visob01.jpg,17,346,669,0,0,0.277
visob01.jpg,18,337,680,0,0,0.294
visob01.jpg,19,352,678,0,0,0.311
visob01.jpg,20,126,768,0,0,0.56
visob01.jpg,21,126,753,0,0,0.577
visob01.jpg,22,126,758,0,0,0.594
visob01.jpg,23,123,750,0,0,0.61
visob01.jpg,24,121,740,0,0,0.627
visob01.jpg,25,122,746,0,0,0.644
visob01.jpg,26,121,737,0,0,0.677
visob01.jpg,27,47,724,0,0,0.694
visob01.jpg,28,59,708,0,0,0.71
visob01.jpg,29,77,693,0,0,0.727
visob01.jpg,30,73,682,0,0,0.744
visob01.jpg,31,67,685,0,0,0.76
visob01.jpg,32,68,688,0,0,0.777
visob01.jpg,33,78,687,0,0,0.794
visob01.jpg,34,79,687,0,0,0.81
visob01.jpg,35,78,685,0,0,0.827
visob01.jpg,36,83,676,0,0,0.844
visob01.jpg,37,82,668,0,0,0.86
visob01.jpg,38,106,665,0,0,0.877
visob01.jpg,39,62,661,0,0,0.894
visob01.jpg,40,56,677,0,0,0.91
visob01.jpg,41,46,690,0,0,0.927
visob01.jpg,42,45,696,0,0,0.944
visob01.jpg,43,41,701,0,0,0.96
visob01.jpg,44,42,700,0,0,0.977
visob01.jpg,45,89,653,0,0,1.3940000000000001
visob01.jpg,46,132,611,0,0,1.41
visob01.jpg,47,191,556,0,0,1.427
visob01.jpg,48,211,518,0,0,1.444
visob01.jpg,49,203,525,0,0,1.46
visob01.jpg,50,194,537,0,0,1.4769999999999999
visob01.jpg,51,190,538,0,0,1.494
visob01.jpg,52,184,542,0,0,1.51
visob01.jpg,53,183,548,0,0,1.5270000000000001
visob01.jpg,54,182,549,0,0,1.544
visob01.jpg,55,179,549,0,0,1.56
visob01.jpg,56,176,544,0,0,1.577
visob01.jpg,57,175,541,0,0,1.5939999999999999
visob01.jpg,58,176,541,0,0,1.6099999999999999
visob01.jpg,59,179,538,0,0,1.627
visob01.jpg,60,183,537,0,0,1.6440000000000001
visob01.jpg,61,189,534,0,0,1.66
visob01.jpg,62,192,529,0,0,1.677
visob01.jpg,63,197,522,0,0,1.694
visob01.jpg,64,198,517,0,0,1.71
visob01.jpg,65,195,511,0,0,1.7269999999999999
visob01.jpg,66,192,514,0,0,1.7429999999999999
visob01.jpg,67,188,514,0,0,1.76
visob01.jpg,68,188,509,0,0,1.777
visob01.jpg,69,187,505,0,0,1.793
visob01.jpg,70,183,508,0,0,1.81
visob01.jpg,71,187,502,0,0,1.827
visob01.jpg,72,190,488,0,0,1.843
visob01.jpg,73,191,491,0,0,1.8599999999999999
visob01.jpg,74,195,490,0,0,1.877
visob01.jpg,75,198,489,0,0,1.893
visob01.jpg,76,202,491,0,0,1.91
visob01.jpg,77,203,488,0,0,1.927
visob01.jpg,78,205,478,0,0,1.943
visob01.jpg,79,202,482,0,0,1.96
visob01.jpg,80,201,485,0,0,1.977
visob01.jpg,81,194,483,0,0,1.993
visob01.jpg,82,185,481,0,0,2.01
visob01.jpg,83,190,496,0,0,2.027
visob01.jpg,84,180,505,0,0,2.043
visob01.jpg,85,181,497,0,0,2.06
visob01.jpg,86,176,508,0,0,2.077
visob01.jpg,87,174,505,0,0,2.093
visob01.jpg,88,174,506,0,0,2.11
visob01.jpg,89,178,509,0,0,2.127
visob01.jpg,90,144,540,0,0,2.143
visob01.jpg,91,125,555,0,0,2.16
visob01.jpg,92,121,556,0,0,2.177
visob01.jpg,93,122,558,0,0,2.193
visob01.jpg,94,126,560,0,0,2.21
visob01.jpg,95,116,565,0,0,2.226
visob01.jpg,96,134,561,0,0,2.243
visob01.jpg,97,127,569,0,0,2.26
visob01.jpg,98,180,556,0,0,2.276
visob01.jpg,99,192,555,0,0,2.293
visob01.jpg,100,198,532,0,0,2.31
visob01.jpg,101,204,526,0,0,2.326
visob01.jpg,102,211,524,0,0,2.343
visob01.jpg,103,212,527,0,0,2.36
visob01.jpg,104,219,533,0,0,2.376
visob01.jpg,105,211,525,0,0,2.393
visob01.jpg,106,230,534,0,0,2.41
visob01.jpg,107,220,513,0,0,2.426
visob01.jpg,108,227,509,0,0,2.443
visob01.jpg,109,221,508,0,0,2.46
visob01.jpg,110,221,508,0,0,2.476
visob01.jpg,111,226,507,0,0,2.493
visob01.jpg,112,220,509,0,0,2.51
visob01.jpg,113,216,508,0,0,2.526
visob01.jpg,114,222,502,0,0,2.543
visob01.jpg,115,136,513,0,0,2.659
visob01.jpg,116,217,633,0,0,2.676
visob01.jpg,117,293,652,0,0,2.693
visob01.jpg,118,292,648,0,0,2.709
visob01.jpg,119,504,672,0,0,2.726
visob01.jpg,120,500,676,0,0,2.743
visob01.jpg,121,491,681,0,0,2.759
visob01.jpg,122,486,680,0,0,2.776
visob01.jpg,123,477,675,0,0,2.793
visob01.jpg,124,470,676,0,0,2.809
visob01.jpg,125,458,669,0,0,2.826
visob01.jpg,126,442,661,0,0,2.843
visob01.jpg,127,460,664,0,0,2.859
visob01.jpg,128,459,660,0,0,2.876
visob01.jpg,129,458,660,0,0,2.893
visob01.jpg,130,464,660,0,0,2.909
visob01.jpg,131,512,680,0,0,2.926
visob01.jpg,132,497,700,0,0,2.943
visob01.jpg,133,505,695,0,0,2.959
visob01.jpg,134,429,646,0,0,2.976
visob01.jpg,135,459,655,0,0,2.993
visob01.jpg,136,497,657,0,0,3.009
visob01.jpg,137,490,665,0,0,3.026
visob01.jpg,138,476,663,0,0,3.043
visob01.jpg,139,459,665,0,0,3.059
visob01.jpg,140,458,661,0,0,3.076
visob01.jpg,141,454,661,0,0,3.093
visob01.jpg,142,447,659,0,0,3.109
visob01.jpg,143,444,657,0,0,3.126
visob01.jpg,144,445,659,0,0,3.143
visob01.jpg,145,445,660,0,0,3.159
visob01.jpg,146,445,665,0,0,3.176
visob01.jpg,147,443,666,0,0,3.193
visob01.jpg,148,442,669,0,0,3.209
visob01.jpg,149,442,670,0,0,3.226
visob01.jpg,150,439,674,0,0,3.243
visob01.jpg,151,438,674,0,0,3.259
visob01.jpg,152,439,671,0,0,3.276
visob01.jpg,153,443,673,0,0,3.293
visob01.jpg,154,445,677,0,0,3.309
visob01.jpg,155,443,675,0,0,3.326
visob01.jpg,156,443,675,0,0,3.343
visob01.jpg,157,442,676,0,0,3.359
visob01.jpg,158,442,682,0,0,3.376
visob01.jpg,159,440,684,0,0,3.393
visob01.jpg,160,443,686,0,0,3.409
visob01.jpg,161,457,687,0,0,3.426
visob01.jpg,162,453,689,0,0,3.443
visob01.jpg,163,456,695,0,0,3.459
visob01.jpg,164,455,700,0,0,3.476
visob01.jpg,165,458,705,0,0,3.493
visob01.jpg,166,461,703,0,0,3.509
visob01.jpg,167,469,702,0,0,3.526
visob01.jpg,168,471,702,0,0,3.543
visob01.jpg,169,470,700,0,0,3.559
visob01.jpg,170,479,696,0,0,3.576
visob01.jpg,171,476,697,0,0,3.593
visob01.jpg,172,474,698,0,0,3.609
visob01.jpg,173,471,698,0,0,3.626
visob01.jpg,174,456,702,0,0,3.643
visob01.jpg,175,470,698,0,0,3.66
visob01.jpg,176,456,704,0,0,3.676
visob01.jpg,177,456,706,0,0,3.693
visob01.jpg,178,444,712,0,0,3.71
visob01.jpg,179,456,713,0,0,3.726
visob01.jpg,180,451,717,0,0,3.743
visob01.jpg,181,449,721,0,0,3.76
visob01.jpg,182,451,719,0,0,3.776
visob01.jpg,183,452,713,0,0,3.793
visob01.jpg,184,454,710,0,0,3.81
visob01.jpg,185,461,705,0,0,3.826
visob01.jpg,186,451,707,0,0,3.843
visob01.jpg,187,458,708,0,0,3.86
visob01.jpg,188,460,713,0,0,3.876
visob01.jpg,189,451,717,0,0,3.893
visob01.jpg,190,457,715,0,0,3.91
visob01.jpg,191,464,714,0,0,3.926
visob01.jpg,192,474,714,0,0,3.943
visob01.jpg,193,468,712,0,0,3.96
visob01.jpg,194,464,715,0,0,3.993
visob01.jpg,195,461,714,0,0,4.01
visob02.jpg,1,491,767,0,0,1.876
visob02.jpg,2,544,742,0,0,2.259
visob02.jpg,3,533,746,0,0,2.276
visob02.jpg,4,521,754,0,0,2.293
visob02.jpg,5,514,757,0,0,2.309
visob02.jpg,6,508,762,0,0,2.326
visob02.jpg,7,508,762,0,0,2.342
visob02.jpg,8,498,768,0,0,2.459
visob02.jpg,9,488,766,0,0,2.492
visob02.jpg,10,483,765,0,0,2.509
visob02.jpg,11,479,766,0,0,2.526
visob02.jpg,12,505,762,0,0,2.892
visob02.jpg,13,468,746,0,0,2.959
visob02.jpg,14,426,733,0,0,2.976
visob02.jpg,15,427,726,0,0,2.992
visob02.jpg,16,452,709,0,0,3.009
visob02.jpg,17,460,698,0,0,3.026
visob02.jpg,18,456,683,0,0,3.192
visob02.jpg,19,447,689,0,0,3.209
visob02.jpg,20,440,693,0,0,3.226
visob02.jpg,21,421,699,0,0,3.242
visob02.jpg,22,386,740,0,0,3.426
visob02.jpg,23,383,747,0,0,3.442
visob02.jpg,24,386,756,0,0,3.459
visob02.jpg,25,387,760,0,0,3.476
visob02.jpg,26,390,762,0,0,3.492
visob02.jpg,27,389,761,0,0,3.509
visob02.jpg,28,391,762,0,0,3.526
visob02.jpg,29,394,763,0,0,3.542
visob02.jpg,30,399,763,0,0,3.559
visob02.jpg,31,405,758,0,0,3.576
visob02.jpg,32,409,753,0,0,3.592
visob02.jpg,33,413,752,0,0,3.609
visob02.jpg,34,445,720,0,0,3.892
visob02.jpg,35,500,714,0,0,3.909
visob02.jpg,36,490,702,0,0,3.926
visob02.jpg,37,480,699,0,0,3.959
visob03.jpg,1,75,765,0,0,0.8089999999999999
visob03.jpg,2,85,716,0,0,0.925
visob03.jpg,3,31,745,0,0,0.942
visob03.jpg,4,35,746,0,0,0.959
visob03.jpg,5,35,742,0,0,0.975
visob03.jpg,6,63,739,0,0,0.992
visob03.jpg,7,72,733,0,0,1.009
visob03.jpg,8,64,729,0,0,1.025
visob03.jpg,9,52,733,0,0,1.042
visob03.jpg,10,18,743,0,0,1.059
visob03.jpg,11,16,748,0,0,1.075
visob03.jpg,12,70,728,0,0,1.092
visob03.jpg,13,43,758,0,0,1.109
visob03.jpg,14,68,755,0,0,1.125
visob03.jpg,15,75,757,0,0,1.142
visob03.jpg,16,92,751,0,0,1.159
visob03.jpg,17,49,735,0,0,1.275
visob03.jpg,18,117,766,0,0,1.409
visob03.jpg,19,21,765,0,0,1.625
visob03.jpg,20,370,736,0,0,2.992
visob03.jpg,21,370,730,0,0,3.008
visob03.jpg,22,372,726,0,0,3.025
visob03.jpg,23,370,723,0,0,3.042
visob03.jpg,24,364,715,0,0,3.058
visob03.jpg,25,375,726,0,0,3.075
visob03.jpg,26,403,684,0,0,3.092
visob03.jpg,27,404,656,0,0,3.108
visob03.jpg,28,420,662,0,0,3.125
visob03.jpg,29,414,663,0,0,3.141
visob03.jpg,30,427,757,0,0,3.208
visob03.jpg,31,384,767,0,0,3.241
visob03.jpg,32,384,760,0,0,3.258
visob03.jpg,33,398,760,0,0,3.291
visob03.jpg,34,467,687,0,0,3.608
visob03.jpg,35,377,763,0,0,3.641
visob03.jpg,36,374,752,0,0,3.658
visob03.jpg,37,373,742,0,0,3.675
visob03.jpg,38,376,736,0,0,3.691
visob03.jpg,39,386,721,0,0,3.708
visob03.jpg,40,387,720,0,0,3.725
visob03.jpg,41,390,711,0,0,3.741
visob03.jpg,42,392,701,0,0,3.758
visob03.jpg,43,392,692,0,0,3.775
visob03.jpg,44,391,684,0,0,3.791
visob03.jpg,45,394,683,0,0,3.808
visob03.jpg,46,395,687,0,0,3.825
visob03.jpg,47,395,690,0,0,3.841
visob03.jpg,48,394,692,0,0,3.858
visob03.jpg,49,397,699,0,0,3.908
visob03.jpg,50,390,703,0,0,3.925
visob03.jpg,51,374,738,0,0,3.941
visob03.jpg,52,373,726,0,0,3.958
visob03.jpg,53,371,736,0,0,3.991
visob03.jpg,54,372,740,0,0,4.008
visob04.jpg,1,204,759,0,0,0.013
visob04.jpg,2,189,750,0,0,0.03
visob04.jpg,3,196,748,0,0,0.046
visob04.jpg,4,198,746,0,0,0.063
visob04.jpg,5,193,740,0,0,0.08
visob04.jpg,6,177,731,0,0,0.096
visob04.jpg,7,166,729,0,0,0.113
visob04.jpg,8,160,732,0,0,0.13
visob04.jpg,9,166,750,0,0,0.263
visob04.jpg,10,167,751,0,0,0.28
visob04.jpg,11,166,752,0,0,0.296
visob04.jpg,12,158,748,0,0,0.313
visob04.jpg,13,155,750,0,0,0.32999999999999996
visob04.jpg,14,188,764,0,0,0.346
visob04.jpg,15,47,614,0,0,0.813
visob04.jpg,16,50,610,0,0,0.83
visob04.jpg,17,319,657,0,0,0.9299999999999999
visob04.jpg,18,297,638,0,0,0.946
visob04.jpg,19,323,641,0,0,0.98
visob04.jpg,20,323,638,0,0,0.996
visob04.jpg,21,324,640,0,0,1.013
visob04.jpg,22,307,659,0,0,1.08
visob04.jpg,23,300,645,0,0,1.096
visob04.jpg,24,302,641,0,0,1.113
visob04.jpg,25,432,694,0,0,1.246
visob04.jpg,26,425,695,0,0,1.263
visob04.jpg,27,421,697,0,0,1.28
visob04.jpg,28,412,697,0,0,1.297
visob04.jpg,29,413,698,0,0,1.313
visob04.jpg,30,298,635,0,0,1.33
visob04.jpg,31,299,636,0,0,1.347
visob04.jpg,32,307,635,0,0,1.363
visob04.jpg,33,310,640,0,0,1.38
visob04.jpg,34,317,641,0,0,1.397
visob04.jpg,35,326,641,0,0,1.413
visob04.jpg,36,320,646,0,0,1.4300000000000002
visob04.jpg,37,317,652,0,0,1.447
visob04.jpg,38,313,654,0,0,1.463
visob04.jpg,39,309,654,0,0,1.48
visob04.jpg,40,305,651,0,0,1.4969999999999999
visob04.jpg,41,294,652,0,0,1.513
visob04.jpg,42,292,658,0,0,1.53
visob04.jpg,43,288,659,0,0,1.547
visob04.jpg,44,291,661,0,0,1.613
visob04.jpg,45,273,660,0,0,1.63
visob04.jpg,46,54,635,0,0,1.647
visob04.jpg,47,223,677,0,0,1.796
visob04.jpg,48,214,682,0,0,1.813
visob04.jpg,49,197,682,0,0,1.83
visob04.jpg,50,173,687,0,0,1.846
visob04.jpg,51,173,693,0,0,1.863
visob04.jpg,52,163,705,0,0,1.88
visob04.jpg,53,161,714,0,0,1.896
visob04.jpg,54,143,691,0,0,1.913
visob04.jpg,55,136,699,0,0,1.93
visob04.jpg,56,143,703,0,0,1.946
visob04.jpg,57,134,709,0,0,1.963
visob04.jpg,58,121,711,0,0,1.98
visob04.jpg,59,104,714,0,0,1.996
visob04.jpg,60,96,715,0,0,2.013
visob04.jpg,61,95,712,0,0,2.03
visob04.jpg,62,100,706,0,0,2.046
visob04.jpg,63,110,703,0,0,2.063
visob04.jpg,64,117,707,0,0,2.08
visob04.jpg,65,116,708,0,0,2.096
visob04.jpg,66,116,712,0,0,2.113
visob04.jpg,67,117,707,0,0,2.13
visob04.jpg,68,115,745,0,0,2.23
visob04.jpg,69,128,755,0,0,2.246
visob04.jpg,70,145,765,0,0,2.263
visob04.jpg,71,179,767,0,0,2.2800000000000002
visob04.jpg,72,173,764,0,0,2.296
visob04.jpg,73,196,761,0,0,2.313
visob04.jpg,74,197,754,0,0,2.33
visob04.jpg,75,170,761,0,0,2.346
visob04.jpg,76,186,755,0,0,2.4459999999999997
visob04.jpg,77,340,692,0,0,3.096
visob04.jpg,78,432,712,0,0,3.113
visob04.jpg,79,438,715,0,0,3.129
visob04.jpg,80,431,702,0,0,3.146
visob04.jpg,81,429,693,0,0,3.163
visob04.jpg,82,421,699,0,0,3.179
visob04.jpg,83,412,710,0,0,3.196
visob04.jpg,84,407,716,0,0,3.213
visob04.jpg,85,409,718,0,0,3.229
visob04.jpg,86,413,720,0,0,3.246
visob04.jpg,87,415,724,0,0,3.263
visob04.jpg,88,416,728,0,0,3.279
visob04.jpg,89,420,729,0,0,3.296
visob04.jpg,90,425,730,0,0,3.313
visob04.jpg,91,429,731,0,0,3.3289999999999997
visob04.jpg,92,357,748,0,0,3.346
visob04.jpg,93,428,726,0,0,3.363
visob04.jpg,94,452,655,0,0,3.379
visob04.jpg,95,441,659,0,0,3.396
visob04.jpg,96,427,668,0,0,3.4130000000000003
visob04.jpg,97,420,674,0,0,3.4290000000000003
visob04.jpg,98,420,674,0,0,3.4459999999999997
visob04.jpg,99,420,677,0,0,3.463
visob04.jpg,100,419,682,0,0,3.479
visob04.jpg,101,420,690,0,0,3.496
visob04.jpg,102,421,694,0,0,3.513
visob04.jpg,103,425,697,0,0,3.529
visob04.jpg,104,430,698,0,0,3.546
visob04.jpg,105,513,625,0,0,3.563
visob04.jpg,106,439,697,0,0,3.579
visob04.jpg,107,502,671,0,0,3.596
visob04.jpg,108,508,668,0,0,3.613
visob04.jpg,109,510,667,0,0,3.629
visob04.jpg,110,508,663,0,0,3.646
visob04.jpg,111,497,697,0,0,3.663
visob04.jpg,112,487,703,0,0,3.679
visob04.jpg,113,477,713,0,0,3.696
visob04.jpg,114,485,678,0,0,3.713
visob04.jpg,115,515,608,0,0,3.729
visob04.jpg,116,511,613,0,0,3.746
visob04.jpg,117,502,619,0,0,3.763
visob04.jpg,118,489,616,0,0,3.779
visob04.jpg,119,487,613,0,0,3.796
visob04.jpg,120,485,612,0,0,3.813
visob04.jpg,121,487,614,0,0,3.829
visob04.jpg,122,486,612,0,0,3.846
visob04.jpg,123,488,610,0,0,3.863
visob04.jpg,124,488,610,0,0,3.879
visob04.jpg,125,491,611,0,0,3.896
visob04.jpg,126,494,612,0,0,3.913
visob04.jpg,127,496,612,0,0,3.929
visob04.jpg,128,491,614,0,0,3.946
visob04.jpg,129,483,622,0,0,3.963
visob04.jpg,130,475,633,0,0,3.996
visob04.jpg,131,471,639,0,0,4.013
